KIC,T1,e_T1,T2,e_T2,R1_D,e_R1_D,R2_R1,e_R2_R1,T2_T1,Qual,Src,KIS,T1j,T2j,R2_R1j,T1k1,T2k1,R2_R1k1,Simbad,_RA,_DE,V1,V2,V3b,PapIV,HB,DV,Per,e_Per,BJD0,e_BJD0,Morph,GLON,GLAT,Kpmag,Teff,SC,LC,TS,_RA.icrs,_DE.icrs
10000490,6558.0,1669.0,6921.0,1529.0,6.24e-11,8.72e-12,0.776,0.388,0.713,b'11000',b'1000',2.0,6558.0,6921.0,0.776,7763.0,6180.0,0.718,b'Simbad',286.556,46.95734,1.0,1.0,1.0,1.0,0.0,b'',1.4009912,1.7e-06,54954.243656,0.028582,0.56,77.482,17.1031,11.244,,b'True',b'LC',b'TS',286.5558,46.9574
10007533,7142.0,397.0,6932.0,605.0,1.95e-11,2.54e-12,0.947,0.258,0.937,b'00100',b'1110',2.0,9394.0,6961.0,1.753,7038.0,6810.0,0.674,b'Simbad',290.09952,46.987179,1.0,1.0,1.0,1.0,0.0,b'',0.6480635,6e-07,54965.039252,0.039454,0.87,78.4869,14.8865,13.875,6808.0,b'False',b'LC',b'TS',290.0994,46.9872
10014830,4916.0,356.0,4147.0,576.0,2.91e-11,3.14e-12,0.786,0.262,0.811,b'00000',b'1100',1.0,5050.0,4702.0,0.658,4763.0,3953.0,0.894,b'Simbad',293.1763,46.922379,1.0,1.0,1.0,1.0,0.0,b'DV',3.0305267,5.2e-06,54967.124438,0.091901,0.61,79.3414,12.9562,14.827,4324.0,b'True',b'LC',b'TS',293.176,46.9224
10020423,5881.0,352.0,3985.0,678.0,1.97e-11,1.7e-12,0.355,0.19,0.433,b'00000',b'1100',1.0,5873.0,3876.0,0.323,5982.0,4378.0,0.458,b'Simbad',295.29791,46.920471,1.0,1.0,1.0,0.0,0.0,b'',7.4483776,1.92e-05,54970.693646,0.028858,0.15,80.0071,11.6613,15.178,5673.0,b'True',b'LC',b'TS',295.2977,46.9205
10026136,6630.0,519.0,6006.0,845.0,1.35e-11,1.98e-12,0.779,0.24,0.955,b'00000',b'1100',1.0,6724.0,5673.0,0.879,6561.0,6359.0,0.705,b'Simbad',297.17203,46.953949,1.0,1.0,1.0,0.0,0.0,b'',9.0801943,2.55e-05,54969.816256,0.049217,0.18,80.6508,10.548,15.163,6292.0,b'False',b'LC',b'TS',297.1718,46.954
10026457,5239.0,380.0,5154.0,618.0,1.71e-11,2.31e-12,0.793,0.26,0.987,b'00000',b'1100',1.0,5236.0,5109.0,0.731,5251.0,5214.0,0.848,b'Simbad',297.25931,46.989681,1.0,1.0,1.0,0.0,0.0,b'',9.9344232,2.91e-05,54965.87401,0.049947,0.19,80.7118,10.5129,15.39,5222.0,b'False',b'LC',b'TS',297.2591,46.9897
10031409,6207.0,368.0,6135.0,560.0,2.87e-11,3.03e-12,0.915,0.242,0.988,b'00000',b'1100',1.0,6161.0,6089.0,0.933,6253.0,6191.0,0.891,b'Simbad',298.68484,46.94997,1.0,1.0,1.0,0.0,0.0,b'',4.1438796,8.2e-06,54957.548369,0.027079,0.35,81.1591,9.6446,13.553,5905.0,b'False',b'LC',b'TS',298.6847,46.95
10031808,7511.0,350.0,5849.0,543.0,1.61e-10,1.72e-12,0.78,0.15,0.737,b'11001',b'1100',1.0,7520.0,5912.0,0.787,7504.0,5800.0,0.774,b'Simbad',298.79758,46.930244,1.0,1.0,1.0,0.0,0.0,b'',8.5896444,2.32e-05,54956.430326,0.057446,0.28,81.1804,9.568,9.557,,b'True',b'LC',b'TS',298.7974,46.9302
10063044,9459.0,383.0,3545.0,541.0,1.58e-11,1.9e-12,2.083,0.152,0.723,b'00000',b'1100',1.0,9619.0,3540.0,2.096,8638.0,5694.0,1.019,b'Simbad',286.29077,47.076221,1.0,1.0,1.0,1.0,0.0,b'',1.0096716,1.1e-06,54965.595585,0.026895,0.59,77.5281,17.315,13.918,7420.0,b'False',b'LC',b'TS',286.2906,47.0762
10090246,5842.0,353.0,3623.0,546.0,3.65e-11,2.69e-12,1.07,0.166,0.811,b'00000',b'1100',1.0,5843.0,3599.0,1.084,5814.0,4868.0,0.758,b'Simbad',297.21875,47.027512,1.0,1.0,1.0,1.0,0.0,b'',2.2861056,3.5e-06,54966.538752,0.082477,0.63,80.732,10.5554,13.567,5442.0,b'False',b'LC',b'TS',297.2184,47.0275
10091257,5908.0,358.0,5714.0,548.0,4.82e-11,4.32e-12,0.949,0.228,0.961,b'00000',b'1100',1.0,5907.0,5700.0,0.887,5910.0,5724.0,1.0,b'Simbad',297.50986,47.054489,1.0,1.0,1.0,0.0,0.0,b'',3.4038482,6.1e-06,54956.44498,0.019132,0.31,80.8533,10.3945,12.533,5630.0,b'True',b'LC',b'TS',297.5097,47.0545
10095469,6824.0,359.0,3721.0,549.0,2e-11,1.88e-12,0.947,0.171,0.695,b'00000',b'1110',2.0,6857.0,3622.0,1.069,6707.0,4576.0,0.61,b'Simbad',298.70587,47.034801,0.0,0.0,1.0,1.0,0.0,b'',0.6777628,1.3e-06,54999.865835,0.022526,0.6,81.241,9.6742,14.693,6261.0,b'False',b'LC',b'TS',298.7057,47.0348
10095512,6264.0,362.0,5214.0,552.0,4.07e-11,3.42e-12,0.725,0.232,0.824,b'00100',b'1110',2.0,6187.0,5122.0,0.67,6375.0,5322.0,0.864,b'Simbad',298.71655,47.014519,1.0,1.0,1.0,0.0,0.0,b'',6.0171939,1.39e-05,54953.888455,0.029813,0.24,81.2268,9.6579,13.053,5795.0,b'False',b'LC',b'TS',298.7163,47.0146
10119517,6564.0,350.0,6460.0,541.0,1.41e-10,3e-12,0.655,0.156,0.977,b'00001',b'1100',1.0,6576.0,6432.0,0.613,6543.0,6483.0,0.699,b'Simbad',281.48108,47.122681,1.0,1.0,1.0,1.0,0.0,b'',0.737494,7e-07,54954.000876,0.04074,0.95,76.397,20.4091,9.912,6225.0,b'True',b'LC',b'TS',281.4808,47.1227
10129482,4935.0,351.0,3647.0,545.0,1.86e-11,1.72e-12,0.636,0.175,0.726,b'00000',b'1110',2.0,4911.0,3626.0,0.668,4983.0,3666.0,0.683,b'Simbad',286.84036,47.173309,1.0,1.0,1.0,0.0,0.0,b'',0.8462906,8e-07,54965.192407,0.011756,0.48,77.7669,17.0033,15.994,4558.0,b'False',b'LC',b'TS',286.8401,47.1734
10149845,9695.0,469.0,5593.0,564.0,2.6e-11,1.89e-12,2.79,0.154,0.858,b'11000',b'1000',2.0,9695.0,5593.0,2.79,6365.0,5457.0,0.697,b'Simbad',295.0444,47.196415,0.0,0.0,1.0,1.0,0.0,b'',4.0563649,7.9e-06,55001.070605,0.236897,0.85,80.1765,11.9415,12.103,,b'False',b'LC',b'TS',295.0441,47.1965
10155080,6141.0,350.0,5485.0,541.0,3.96e-11,1.86e-12,0.72,0.158,0.89,b'00001',b'1100',1.0,6130.0,5444.0,0.668,6154.0,5522.0,0.764,b'Simbad',296.69858,47.137741,1.0,1.0,1.0,0.0,0.0,b'',3.8609029,7.4e-06,54957.048137,0.024597,0.29,80.6584,10.9192,13.017,5830.0,b'True',b'LC',b'TS',296.6983,47.1378
10156064,8855.0,369.0,7226.0,550.0,7.53e-11,4.13e-12,0.711,0.188,0.811,b'00001',b'1111',3.0,8842.0,7177.0,0.696,8863.0,7191.0,0.73,b'Simbad',296.99341,47.146648,1.0,1.0,1.0,0.0,0.0,b'',4.8559364,1.02e-05,54954.458136,0.033241,0.32,80.7636,10.7471,10.367,7424.0,b'True',b'LC',b'TS',296.9932,47.1466
10189523,5153.0,376.0,5265.0,626.0,1.46e-11,2.05e-12,0.751,0.237,1.023,b'00000',b'1100',1.0,5154.0,5316.0,0.71,5149.0,5173.0,0.815,b'Simbad',283.01196,47.238602,1.0,1.0,1.0,0.0,0.0,b'',1.0139159,1.1e-06,54965.418559,0.011138,0.48,76.8704,19.4614,15.856,5002.0,b'False',b'LC',b'TS',283.0118,47.2386
10191056,6676.0,388.0,6650.0,679.0,9.16e-11,1.15e-11,0.685,0.326,1.001,b'00100',b'1000',1.0,6676.0,6650.0,0.685,6384.0,6364.0,0.704,b'Simbad',283.8663,47.228271,1.0,1.0,1.0,1.0,0.0,b'',2.4274949,3.8e-06,54955.031469,0.034813,0.53,77.0657,18.9113,10.811,6588.0,b'True',b'LC',b'TS',283.8661,47.2283
10198109,6154.0,376.0,4463.0,645.0,3.14e-11,2.87e-12,0.88,0.225,0.44,b'00000',b'1110',2.0,6250.0,4549.0,1.013,6061.0,4215.0,0.728,b'Simbad',287.49353,47.224659,1.0,1.0,1.0,0.0,0.0,b'',17.9187428,6.73e-05,54979.392203,0.030471,0.07,77.9904,16.6111,13.776,5592.0,b'False',b'LC',b'TS',287.4933,47.2247
10206340,5844.0,353.0,3551.0,541.0,1.03e-10,4.91e-12,1.571,0.153,0.831,b'00000',b'1000',3.0,5844.0,3551.0,1.571,5763.0,4733.0,0.764,b'Simbad',291.24509,47.24926,1.0,1.0,1.0,1.0,0.0,b'',4.5644014,9.3e-06,54956.962646,0.136536,0.61,79.0656,14.2844,11.203,5213.0,b'True',b'LC',b'TS',291.2448,47.2493
10208759,7215.0,364.0,7044.0,559.0,1.86e-11,2.27e-12,0.902,0.231,0.977,b'00000',b'1100',1.0,7190.0,7028.0,0.861,7359.0,7120.0,0.944,b'Simbad',292.25565,47.286301,1.0,1.0,1.0,1.0,0.0,b'',4.5750306,9.5e-06,54967.647038,0.06015,0.51,79.3991,13.6786,13.99,6570.0,b'False',b'LC',b'TS',292.2555,47.2863
10215869,6825.0,376.0,4073.0,649.0,2.44e-11,2.01e-12,0.752,0.204,0.507,b'00000',b'1110',2.0,5652.0,5570.0,1.003,6824.0,3887.0,0.675,b'Simbad',294.92371,47.249989,0.0,0.0,1.0,0.0,0.0,b'',5.01727,5.71e-05,55002.598791,0.029864,0.24,80.1869,12.0388,14.115,6287.0,b'False',b'LC',b'TS',294.9235,47.25
10216186,7263.0,365.0,5277.0,598.0,2.54e-11,1.98e-12,0.604,0.188,0.725,b'00100',b'1110',2.0,7185.0,5215.0,0.537,7345.0,5308.0,0.614,b'Simbad',295.04037,47.22496,1.0,1.0,1.0,1.0,0.0,b'',0.605939,5e-07,54965.016594,0.028489,0.64,80.2011,11.957,13.77,6655.0,b'False',b'LC',b'TS',295.0401,47.225
10221886,6568.0,391.0,6062.0,640.0,4.59e-11,3.85e-12,0.77,0.228,0.895,b'00000',b'1110',2.0,6491.0,5999.0,0.734,6684.0,6107.0,0.833,b'Simbad',296.89856,47.281609,0.0,0.0,1.0,1.0,1.0,b'',8.3167176,2.23e-05,55004.929759,,,80.8531,10.8681,12.448,6148.0,b'False',b'LC',b'TS',296.8984,47.2816
10226388,7378.0,988.0,7610.0,733.0,6.82e-11,1e-11,0.919,0.359,0.953,b'11100',b'1000',1.0,7378.0,7610.0,0.919,7493.0,7793.0,0.893,b'Simbad',298.14886,47.277199,1.0,1.0,1.0,1.0,0.0,b'',0.6606574,6e-07,54954.11653,0.032137,0.77,81.2658,10.1233,10.772,,b'False',b'LC',b'TS',298.1486,47.2773
10228240,6691.0,366.0,6395.0,622.0,2.28e-11,2.63e-12,0.757,0.254,0.94,b'00000',b'1100',1.0,6647.0,6282.0,0.661,6849.0,6497.0,0.833,b'Simbad',298.63913,47.220791,0.0,0.0,1.0,1.0,0.0,b'',2.1734211,3.2e-06,55000.69732,0.507994,0.88,81.3822,9.8058,13.977,6404.0,b'False',b'LC',b'TS',298.6389,47.2209
10229723,7141.0,376.0,5757.0,552.0,4.21e-11,2.66e-12,1.165,0.185,0.961,b'00000',b'1111',3.0,7771.0,5688.0,1.633,6611.0,6397.0,0.765,b'Simbad',299.02002,47.220509,1.0,1.0,1.0,1.0,0.0,b'',0.6287243,5e-07,54953.68429,0.036748,0.83,81.5122,9.5811,11.971,6201.0,b'False',b'LC',b'TS',299.0197,47.2205
10257903,6424.0,387.0,4791.0,612.0,1.38e-11,1.93e-12,1.05,0.201,0.91,b'00000',b'1100',1.0,6546.0,4446.0,1.121,6190.0,5553.0,0.826,b'Simbad',284.0842,47.373589,1.0,1.0,1.0,1.0,0.0,b'',0.8585697,8e-07,54965.028405,0.017954,0.59,77.2633,18.8218,15.482,5761.0,b'False',b'LC',b'TS',284.084,47.3736
10259029,6256.0,490.0,4166.0,665.0,6.86e-12,2.33e-12,1.423,0.261,0.565,b'00000',b'0010',2.0,6155.0,4177.0,0.768,5655.0,4067.0,0.771,b'Simbad',284.67484,47.340809,0.0,0.0,1.0,0.0,0.0,b'',7.06114,5.29e-05,55002.866032,0.021219,0.12,77.3762,18.4349,17.115,5373.0,b'False',b'LC',b'TS',284.6746,47.3409
10259530,7721.0,353.0,7301.0,540.0,3.8e-11,1.97e-12,0.791,0.162,1.013,b'00001',b'1100',1.0,7686.0,7293.0,0.726,7782.0,7310.0,0.849,b'Simbad',284.9397,47.335369,1.0,1.0,1.0,1.0,0.0,b'',0.7072062,6e-07,54964.588439,0.042426,0.86,77.4368,18.2648,12.121,7736.0,b'False',b'LC',b'TS',284.9395,47.3354
10264202,5611.0,353.0,4035.0,552.0,1.46e-11,1.87e-12,1.132,0.169,0.916,b'00000',b'1110',2.0,5648.0,3648.0,1.197,5522.0,5038.0,0.763,b'Simbad',287.42365,47.373341,1.0,1.0,1.0,0.0,0.0,b'',1.0351478,1.1e-06,54965.550176,0.014342,0.5,78.1154,16.7111,15.777,5207.0,b'False',b'LC',b'TS',287.4234,47.3733
10268903,3668.0,353.0,3624.0,545.0,1.89e-11,2.39e-12,0.772,0.254,0.847,b'11000',b'1100',1.0,3638.0,3609.0,0.806,3710.0,3655.0,0.745,b'Simbad',289.71304,47.343498,0.0,0.0,1.0,0.0,0.0,b'',1.1039663,3.6e-06,54999.910577,0.009749,0.39,78.7145,15.2708,17.362,,b'False',b'LC',b'TS',289.7129,47.3435
10274218,7855.0,442.0,7938.0,811.0,8.92e-11,1.07e-11,0.745,0.305,0.983,b'11000',b'1000',1.0,7855.0,7938.0,0.745,8198.0,8568.0,0.62,b'Simbad',291.92697,47.347076,0.0,1.0,1.0,1.0,0.0,b'',1.7641118,2.4e-06,55003.411999,0.11233,0.95,79.3579,13.9061,10.321,,b'False',b'LC',b'TS',291.9268,47.3471
10274244,5800.0,485.0,3966.0,760.0,9.84e-11,1.08e-11,0.851,0.327,0.486,b'00000',b'1000',0.0,5800.0,3966.0,0.851,,,,b'Simbad',291.9364,47.309689,1.0,1.0,1.0,0.0,0.0,b'',13.6836897,4.53e-05,54954.526463,0.028389,0.08,79.3258,13.8844,11.544,5206.0,b'True',b'LC',b'TS',291.9362,47.3097
10275747,9714.0,413.0,5897.0,665.0,2.18e-11,1.88e-12,1.362,0.167,0.749,b'00000',b'1100',1.0,9671.0,6191.0,1.353,10155.0,5369.0,1.388,b'Simbad',292.53851,47.364422,1.0,1.0,1.0,1.0,0.0,b'',0.6617485,6e-07,54954.274697,0.025116,0.62,79.5564,13.5391,12.796,7362.0,b'False',b'LC',b'TS',292.5382,47.3644
10275887,6914.0,402.0,4640.0,587.0,3.42e-11,3.36e-12,1.157,0.234,0.723,b'11000',b'1000',0.0,6914.0,4640.0,1.157,,,,b'Simbad',292.59222,47.392277,1.0,1.0,1.0,0.0,0.0,b'',9.7267496,2.8e-05,54972.476667,0.122534,0.48,79.5984,13.5183,13.04,,b'False',b'LC',b'TS',292.5919,47.3923
10287248,4487.0,351.0,3744.0,565.0,5.39e-11,3.95e-12,0.636,0.231,0.519,b'11000',b'1100',1.0,4475.0,4076.0,0.443,4687.0,3664.0,0.846,b'Simbad',296.69562,47.327309,0.0,0.0,1.0,0.0,0.0,b'',4.7222568,1.03e-05,55733.752354,0.023637,0.2,80.8274,11.0109,13.987,,b'True',b'LC',b'TS',296.6954,47.3273
10291683,9522.0,423.0,9176.0,547.0,8.34e-11,1.83e-12,0.747,0.151,0.955,b'00001',b'1100',1.0,9598.0,9111.0,0.731,9124.0,9290.0,0.761,b'Simbad',297.92957,47.39061,1.0,1.0,1.0,1.0,0.0,b'',2.0437432,2.9e-06,54954.270446,0.117615,0.91,81.2927,10.3083,9.923,8359.0,b'True',b'LC',b'TS',297.9294,47.3907
10292413,7135.0,389.0,3959.0,556.0,1.53e-11,2.06e-12,1.89,0.156,0.988,b'11000',b'1110',2.0,7008.0,3770.0,1.801,7413.0,4181.0,1.691,b'Simbad',298.1235,47.325054,1.0,1.0,1.0,1.0,0.0,b'',0.5591588,4e-07,54954.202209,0.033151,0.95,81.2997,10.1617,13.194,,b'False',b'LC',b'TS',298.1233,47.3252
10294608,5947.0,354.0,3562.0,541.0,3.33e-11,2.33e-12,1.525,0.155,0.94,b'00000',b'1100',1.0,5946.0,3539.0,1.545,5955.0,5718.0,0.757,b'Simbad',298.73633,47.37743,1.0,1.0,1.0,0.0,0.0,b'',3.7089843,6.9e-06,54956.218283,0.029287,0.37,81.5534,9.826,13.344,5603.0,b'False',b'LC',b'TS',298.7361,47.3775
10295951,7501.0,409.0,5340.0,818.0,4.04e-11,3.04e-12,0.599,0.23,0.621,b'00000',b'1100',1.0,7421.0,5981.0,0.873,7512.0,5000.0,0.487,b'Simbad',299.10281,47.377781,1.0,1.0,1.0,0.0,0.0,b'',6.8108248,1.67e-05,54955.424427,0.062355,0.36,81.6789,9.6108,12.628,6998.0,b'True',b'LC',b'TS',299.1027,47.3778
10296163,6737.0,363.0,4183.0,646.0,3.74e-11,2.2e-12,0.627,0.197,0.595,b'00000',b'1100',1.0,6705.0,4079.0,0.585,6874.0,4409.0,0.71,b'Simbad',299.16693,47.356098,1.0,1.0,1.0,0.0,0.0,b'',9.2967644,2.6e-05,54959.3874,0.043059,0.17,81.6818,9.5624,13.211,6229.0,b'False',b'LC',b'TS',299.1667,47.3561
10330495,5255.0,353.0,4291.0,629.0,2.81e-11,2.14e-12,0.558,0.194,0.599,b'00000',b'1110',2.0,5251.0,4060.0,0.492,5313.0,4644.0,0.712,b'Simbad',287.87509,47.445759,1.0,1.0,1.0,0.0,0.0,b'',18.0600812,6.85e-05,54971.610227,0.084595,0.18,78.3062,16.4558,14.724,5132.0,b'True',b'LC',b'TS',287.8749,47.4458
10332789,6244.0,370.0,4812.0,782.0,1.22e-11,1.82e-12,0.581,0.226,0.456,b'00000',b'1110',2.0,6160.0,4825.0,0.619,6265.0,4418.0,0.519,b'Simbad',289.0368,47.46595,1.0,1.0,1.0,0.0,0.0,b'',18.7407263,7.23e-05,54968.206431,0.036371,0.08,78.6423,15.7395,15.861,5893.0,b'False',b'LC',b'TS',289.0366,47.4659
10346522,5912.0,362.0,4309.0,568.0,2.51e-11,2.1e-12,1.009,0.185,0.732,b'00000',b'1100',1.0,6141.0,4289.0,1.269,5874.0,4319.0,0.763,b'Simbad',294.48337,47.45266,1.0,1.0,1.0,1.0,0.0,b'',3.989142,7.8e-06,54965.571148,0.110493,0.59,80.2333,12.3967,14.404,5286.0,b'False',b'LC',b'TS',294.4831,47.4527
10351767,6639.0,360.0,4959.0,587.0,1.98e-11,1.99e-12,0.944,0.172,0.897,b'00000',b'1110',2.0,6720.0,4049.0,0.984,6525.0,5562.0,0.808,b'Simbad',296.32028,47.40657,1.0,1.0,1.0,1.0,0.0,b'',0.6350697,5e-07,54965.114615,0.013779,0.58,80.7763,11.2724,14.539,6113.0,b'True',b'LC',b'TS',296.3201,47.4066
10363300,5926.0,377.0,4655.0,631.0,2.21e-11,2.6e-12,0.956,0.229,0.783,b'00000',b'1100',1.0,5961.0,4242.0,1.028,5912.0,4771.0,0.781,b'Simbad',299.63449,47.477249,1.0,1.0,1.0,1.0,0.0,b'',0.9349261,9e-07,54965.177722,0.019389,0.56,81.949,9.3496,14.681,5700.0,b'False',b'LC',b'TS',299.6342,47.4773
10383620,7938.0,350.0,7023.0,540.0,3e-11,1.65e-12,0.774,0.151,0.891,b'00101',b'1100',1.0,7928.0,7015.0,0.797,7946.0,7032.0,0.76,b'Simbad',280.83771,47.578991,1.0,1.0,1.0,1.0,0.0,b'',0.7345628,7e-07,54954.126474,0.024989,0.64,76.7166,20.9648,12.83,7470.0,b'False',b'LC',b'TS',280.8374,47.579
10383696,5395.0,360.0,4251.0,798.0,1.02e-11,1.74e-12,0.537,0.223,0.693,b'00000',b'1100',1.0,5402.0,4427.0,0.553,5392.0,4214.0,0.517,b'Simbad',280.8858,47.565632,0.0,0.0,1.0,0.0,0.0,b'',8.4877,6.85e-05,55001.468218,0.02711,0.13,76.7136,20.9298,16.947,5346.0,b'False',b'LC',b'TS',280.8856,47.5657
10384962,5994.0,358.0,4241.0,653.0,2.5e-11,2.01e-12,0.672,0.186,0.453,b'00000',b'1110',2.0,5987.0,4122.0,0.67,5889.0,4488.0,0.593,b'Simbad',281.77554,47.59325,0.0,1.0,1.0,0.0,0.0,b'',2.8792429,4.9e-06,54966.279857,0.018025,0.24,76.9404,20.3677,14.371,5688.0,b'False',b'LC',b'TS',281.7753,47.5932
10385682,5962.0,356.0,5929.0,558.0,1.67e-11,2.18e-12,0.715,0.247,0.988,b'00000',b'1100',1.0,5922.0,5892.0,0.69,6007.0,5963.0,0.747,b'Simbad',282.18964,47.523762,1.0,1.0,1.0,0.0,0.0,b'',6.2074615,1.47e-05,54965.873706,0.04112,0.34,76.9647,20.0807,15.001,5805.0,b'False',b'LC',b'TS',282.1894,47.5238
10417135,10005.0,494.0,8206.0,662.0,1.74e-11,2.3e-12,1.112,0.23,0.963,b'00000',b'1100',1.0,11127.0,7959.0,1.211,9390.0,8998.0,0.869,b'Simbad',296.47787,47.554729,1.0,1.0,1.0,1.0,0.0,b'',1.2033317,1.4e-06,54965.316632,0.063906,0.94,80.9607,11.2482,13.249,8421.0,b'False',b'LC',b'TS',296.4777,47.5548
10454401,5689.0,355.0,5583.0,595.0,1.55e-11,1.94e-12,0.642,0.22,0.952,b'00000',b'1110',2.0,5648.0,5513.0,0.539,5744.0,5599.0,0.728,b'Simbad',284.31717,47.678638,1.0,1.0,1.0,0.0,0.0,b'',12.1807225,3.9e-05,54972.345207,0.024965,0.12,77.6229,18.7782,15.386,5568.0,b'False',b'LC',b'TS',284.3169,47.6787
10454725,8600.0,1069.0,6176.0,640.0,1.03e-11,3.92e-12,1.605,0.607,0.746,b'00001',b'1100',1.0,9731.0,6345.0,1.903,7711.0,5658.0,0.727,b'Simbad',284.46524,47.60265,0.0,1.0,1.0,1.0,0.0,b'',0.8317678,1.7e-06,54964.748311,0.039056,0.64,77.5836,18.6584,14.241,6911.0,b'False',b'LC',b'TS',284.4649,47.6026
10480952,7152.0,611.0,7128.0,720.0,4.51e-11,1.04e-09,0.784,0.153,1.005,b'11001',b'1110',2.0,7191.0,7204.0,0.741,6126.0,6192.0,0.806,b'Simbad',295.80463,47.670906,1.0,1.0,1.0,0.0,0.0,b'',4.0749064,8e-06,54954.364164,0.032594,0.38,80.8488,11.7037,12.22,,b'True',b'LC',b'TS',295.8044,47.6709
10483644,6171.0,360.0,4308.0,655.0,2.9e-11,2.05e-12,0.737,0.182,0.431,b'00000',b'1110',2.0,6392.0,4353.0,0.949,6070.0,4248.0,0.578,b'Simbad',296.6817,47.600342,1.0,1.0,1.0,0.0,0.0,b'',5.1107711,1.11e-05,54966.31461,0.016241,0.12,81.0679,11.1486,13.985,5781.0,b'False',b'LC',b'TS',296.6815,47.6004
10486425,7495.0,360.0,5916.0,643.0,4.21e-11,2.88e-12,0.462,0.219,0.741,b'00000',b'1100',1.0,7431.0,5942.0,0.348,7950.0,5909.0,0.576,b'Simbad',297.47675,47.658981,1.0,1.0,1.0,0.0,0.0,b'',5.274816,1.17e-05,54969.708432,0.029458,0.25,81.3809,10.7058,12.465,7018.0,b'False',b'LC',b'TS',297.4765,47.659
10487119,5720.0,359.0,5649.0,579.0,1.33e-11,2.09e-12,0.764,0.266,0.98,b'00000',b'1100',1.0,5708.0,5598.0,0.755,5729.0,5690.0,0.772,b'Simbad',297.66129,47.62394,0.0,1.0,1.0,0.0,0.0,b'',6.7493598,2.19e-05,55008.646287,0.02842,0.2,81.4107,10.58,15.746,5500.0,b'False',b'LC',b'TS',297.6611,47.624
10489521,6648.0,374.0,5374.0,842.0,1.04e-11,1.77e-12,0.698,0.224,0.885,b'00000',b'1100',1.0,6633.0,5054.0,0.641,6754.0,5624.0,0.754,b'Simbad',298.35327,47.66888,0.0,0.0,1.0,0.0,0.0,b'',3.2245044,1.7e-05,55000.317036,0.027572,0.38,81.6814,10.1947,16.169,6147.0,b'False',b'LC',b'TS',298.353,47.6689
10490960,6371.0,350.0,6265.0,540.0,2e-11,1.66e-12,0.783,0.152,0.992,b'00001',b'1100',1.0,6376.0,6249.0,0.807,6365.0,6285.0,0.763,b'Simbad',298.75854,47.69558,1.0,1.0,1.0,0.0,0.0,b'',5.6824111,1.3e-05,54966.63684,0.032886,0.23,81.8416,9.9704,14.3,5787.0,b'False',b'LC',b'TS',298.7584,47.6956
10491031,6635.0,376.0,6679.0,630.0,2.76e-11,2.89e-12,0.705,0.25,1.0,b'11000',b'1100',1.0,6603.0,6621.0,0.706,6719.0,6741.0,0.705,b'Simbad',298.77716,47.655403,1.0,1.0,1.0,0.0,0.0,b'',4.3981385,8.9e-06,54957.2663,0.037967,0.42,81.8124,9.9397,13.245,,b'False',b'LC',b'TS',298.7769,47.6554
10518735,5216.0,357.0,4928.0,581.0,1.07e-11,1.94e-12,0.712,0.269,0.895,b'00000',b'1100',1.0,5227.0,4924.0,0.739,5207.0,4931.0,0.689,b'Simbad',283.91565,47.784569,0.0,0.0,1.0,0.0,0.0,b'',19.515,0.0002188,55008.246386,0.028163,0.06,77.6313,19.0681,16.739,5146.0,b'False',b'LC',b'TS',283.9155,47.7846
10535807,6778.0,361.0,3868.0,602.0,2.67e-11,2.38e-12,0.711,0.215,0.693,b'00000',b'1100',1.0,6757.0,3739.0,0.823,6865.0,4808.0,0.657,b'Simbad',292.15167,47.719501,1.0,1.0,1.0,1.0,0.0,b'',1.4816559,1.9e-06,54965.699046,0.020446,0.51,79.7716,13.9271,13.873,6234.0,b'False',b'LC',b'TS',292.1514,47.7195
10547209,7388.0,433.0,5199.0,827.0,2.55e-11,2.57e-12,0.816,0.228,0.768,b'00000',b'1100',1.0,6741.0,5238.0,0.857,7446.0,5182.0,0.799,b'Simbad',296.4191,47.751511,1.0,1.0,1.0,1.0,0.0,b'',2.2540395,3.4e-06,54966.508453,0.148836,0.64,81.1187,11.3758,13.695,6630.0,b'False',b'LC',b'TS',296.4189,47.7515
10549576,9116.0,887.0,6910.0,615.0,1.74e-11,6.27e-12,1.788,0.645,0.731,b'00001',b'1100',1.0,10273.0,6994.0,1.977,8644.0,6404.0,0.722,b'Simbad',297.11826,47.741611,1.0,1.0,1.0,0.0,0.0,b'',9.0894658,2.55e-05,54972.078799,0.041666,0.2,81.3369,10.9572,13.015,7492.0,b'False',b'LC',b'TS',297.118,47.7417
10556068,8495.0,415.0,7995.0,723.0,4.28e-11,7.29e-12,0.799,0.405,0.946,b'00000',b'1000',1.0,8495.0,7995.0,0.799,9363.0,8903.0,0.808,b'Simbad',298.95453,47.773571,1.0,1.0,1.0,1.0,0.0,b'',2.1171558,3.1e-06,54955.365922,0.131295,0.91,81.9767,9.8946,11.561,7901.0,b'False',b'LC',b'TS',298.9543,47.7736
10556578,5559.0,394.0,4682.0,583.0,1.35e-11,2.86e-12,1.445,0.396,0.939,b'00001',b'1100',1.0,5765.0,4579.0,1.518,5402.0,5018.0,0.786,b'Simbad',299.09528,47.706791,0.0,1.0,1.0,0.0,0.0,b'',1.2528638,1.5e-06,55003.737543,0.013173,0.47,81.9656,9.7793,15.594,4977.0,b'False',b'LC',b'TS',299.095,47.7068
10581918,7371.0,361.0,3962.0,571.0,3.96e-11,2.66e-12,0.734,0.188,0.668,b'00000',b'1110',2.0,7652.0,3766.0,0.887,6215.0,4340.0,0.462,b'Simbad',283.0437,47.80463,0.0,0.0,1.0,1.0,0.0,b'',1.8018631,2.6e-06,55139.362915,0.033856,0.54,77.4451,19.6273,12.796,7252.0,b'True',b'LC',b'TS',283.0435,47.8047
10583181,6764.0,374.0,5601.0,746.0,8.68e-11,8.56e-12,0.564,0.286,0.789,b'00000',b'1000',1.0,6764.0,5601.0,0.564,7255.0,5720.0,0.738,b'Simbad',283.76651,47.818989,1.0,1.0,1.0,0.0,0.0,b'',2.6963227,4.4e-06,54955.210895,0.034219,0.47,77.63,19.174,11.009,6231.0,b'True',b'LC',b'TS',283.7664,47.819
10586874,7103.0,357.0,3628.0,542.0,2.2e-11,2.13e-12,0.948,0.176,0.985,b'00000',b'1110',2.0,7090.0,3561.0,0.984,7318.0,7177.0,0.766,b'Simbad',285.77768,47.815449,0.0,1.0,1.0,1.0,0.0,b'',0.5354866,2e-06,54964.747881,0.028997,0.77,78.1195,17.9059,14.099,6640.0,b'False',b'LC',b'TS',285.7774,47.8155
10592163,5715.0,358.0,5429.0,586.0,1.83e-11,2.16e-12,0.708,0.235,0.841,b'00000',b'1110',2.0,5655.0,5329.0,0.56,5783.0,5372.0,0.671,b'Simbad',288.55362,47.867298,1.0,1.0,1.0,0.0,0.0,b'',14.7629466,5.14e-05,54966.772446,0.040971,0.11,78.8947,16.1957,15.095,5482.0,b'False',b'LC',b'TS',288.5534,47.8674
10593759,6400.0,356.0,6180.0,564.0,3.09e-11,2.38e-12,0.747,0.198,0.983,b'00000',b'1110',2.0,6439.0,4377.0,0.809,6392.0,6296.0,0.914,b'Simbad',289.26166,47.815521,0.0,1.0,1.0,0.0,0.0,b'',6.2652097,1.48e-05,54956.476578,0.022881,0.19,79.0382,15.738,13.499,5995.0,b'True',b'LC',b'TS',289.2615,47.8156
10601579,26640.0,13409.0,26819.0,13411.0,2.46e-11,6.77e-12,0.6,0.83,0.9,b'11000',b'1000',1.0,26640.0,26819.0,0.6,26568.0,26652.0,0.769,b'Simbad',292.49185,47.83535,1.0,1.0,1.0,0.0,0.0,b'',8.0987542,2.16e-05,54967.774613,0.035764,0.2,79.9801,13.7699,11.587,,b'False',b'LC',b'TS',292.4916,47.8354
10613718,5237.0,352.0,5009.0,546.0,6.02e-11,3.75e-12,0.73,0.197,0.946,b'00100',b'1110',2.0,5256.0,5035.0,0.785,5231.0,4995.0,0.621,b'Simbad',296.82581,47.877399,1.0,1.0,1.0,0.0,0.0,b'',1.1758779,1.3e-06,54953.886226,0.009901,0.39,81.3634,11.1945,12.735,5080.0,b'True',b'LC',b'TS',296.8256,47.8775
10616829,7116.0,373.0,5453.0,593.0,2.39e-11,2.21e-12,0.683,0.217,0.737,b'00000',b'1100',1.0,6984.0,5175.0,0.537,7525.0,5600.0,0.922,b'Simbad',297.74243,47.891682,1.0,1.0,1.0,1.0,0.0,b'',1.0729341,1.2e-06,54965.293061,0.027919,0.59,81.676,10.6617,13.96,6670.0,b'False',b'LC',b'TS',297.7423,47.8917
10619109,7441.0,391.0,3825.0,572.0,6.16e-11,3.7e-12,1.407,0.258,0.627,b'00000',b'1000',1.0,7441.0,3825.0,1.407,6314.0,4215.0,0.816,b'Simbad',298.37128,47.81385,1.0,1.0,1.0,1.0,0.0,b'',2.0451826,2.9e-06,54955.136772,0.040497,0.55,81.8159,10.2553,11.704,7028.0,b'True',b'LC',b'TS',298.3711,47.8139
10619506,7032.0,356.0,6813.0,556.0,2.36e-11,2.48e-12,0.772,0.233,0.962,b'00000',b'1110',2.0,6965.0,6739.0,0.671,7160.0,6888.0,0.885,b'Simbad',298.47675,47.889629,1.0,1.0,1.0,1.0,0.0,b'',0.5035552,4e-07,54964.989601,0.027928,0.92,81.9183,10.2308,13.738,6526.0,b'False',b'LC',b'TS',298.4766,47.8897
10657664,12284.0,423.0,10317.0,743.0,1.56e-11,1.92e-12,0.594,0.218,0.781,b'10000',b'1110',2.0,11968.0,10267.0,0.539,12260.0,9935.0,0.524,b'Simbad',288.49948,47.996471,1.0,1.0,1.0,0.0,0.0,b'',3.2736988,5.8e-06,54956.769874,0.026373,0.36,79.0042,16.2791,13.234,10564.0,b'True',b'LC',b'TS',288.4992,47.9966
10661783,9197.0,475.0,7714.0,808.0,9.63e-11,1.23e-11,0.843,0.315,0.849,b'00000',b'1000',2.0,9197.0,7714.0,0.843,8898.0,7578.0,0.811,b'Simbad',290.2984,47.978619,1.0,1.0,1.0,1.0,0.0,b'',1.2313633,1.4e-06,54954.95432,0.039362,0.62,79.4815,15.1661,9.586,7887.0,b'True',b'LC',b'TS',290.2981,47.9786
10686876,10231.0,1039.0,6475.0,817.0,4.06e-11,1.1e-09,0.864,0.161,0.639,b'00101',b'1100',1.0,10269.0,6581.0,0.918,8313.0,5355.0,0.8,b'Simbad',299.05673,47.909359,1.0,1.0,1.0,0.0,0.0,b'',2.6184273,4.2e-06,54953.949815,0.032408,0.45,82.1309,9.9026,11.727,7944.0,b'True',b'LC',b'TS',299.0565,47.9094
10711551,6169.0,357.0,5708.0,552.0,1.28e-11,2.05e-12,0.823,0.26,0.927,b'00000',b'1100',1.0,6172.0,5689.0,0.813,6165.0,5724.0,0.835,b'Simbad',282.38327,48.042782,0.0,1.0,1.0,0.0,0.0,b'',10.6922191,3.36e-05,54972.964587,0.031944,0.18,77.5327,20.1231,15.507,5752.0,b'False',b'LC',b'TS',282.383,48.0428
10711913,5918.0,380.0,4268.0,913.0,1.61e-11,2.19e-12,0.636,0.264,0.463,b'00000',b'0100',1.0,6226.0,4117.0,0.804,5918.0,4268.0,0.636,b'Simbad',282.60107,48.03669,0.0,1.0,1.0,0.0,0.0,b'',19.4080156,7.8e-05,55007.204177,0.038081,0.08,77.5761,19.9831,15.521,5474.0,b'False',b'LC',b'TS',282.6009,48.0366
10724533,8017.0,358.0,8012.0,555.0,1.46e-10,2.35e-12,0.812,0.152,0.886,b'11001',b'1100',1.0,7951.0,8165.0,0.783,8098.0,7905.0,0.836,b'Simbad',289.15848,48.097157,1.0,1.0,1.0,1.0,0.0,b'',0.7450918,7e-07,54954.391541,0.041883,0.76,79.279,15.9123,9.038,,b'False',b'LC',b'TS',289.1583,48.0971
10735564,9678.0,624.0,7344.0,1084.0,1.16e-11,2.16e-12,0.842,0.312,0.769,b'00000',b'0100',1.0,11062.0,6061.0,2.029,9678.0,7344.0,0.842,b'Simbad',293.57437,48.007439,0.0,0.0,1.0,1.0,0.0,b'',1.674985,3.1e-06,55278.014693,0.028231,0.53,80.4634,13.1911,14.567,8035.0,b'False',b'LC',b'TS',293.5742,48.0074
10736223,10389.0,417.0,6148.0,592.0,1.45e-11,1.71e-12,1.673,0.157,0.679,b'00100',b'1100',1.0,10490.0,6320.0,1.7,10095.0,5899.0,1.615,b'Simbad',293.84622,48.050251,1.0,1.0,1.0,1.0,0.0,b'',1.1050943,1.2e-06,54965.545055,0.024338,0.56,80.5852,13.0469,13.651,7797.0,b'True',b'LC',b'TS',293.8459,48.0503
10743600,6528.0,589.0,4819.0,836.0,3.53e-12,1.74e-12,0.802,0.324,0.717,b'11000',b'1000',0.0,6528.0,4819.0,0.802,,,,b'Simbad',296.38348,48.044006,0.0,0.0,1.0,1.0,0.0,b'',0.817023,1.7e-06,55001.787469,0.020112,0.58,81.3707,11.5343,17.206,,b'False',b'LC',b'TS',296.3832,48.044
10753734,5800.0,369.0,5573.0,599.0,3.22e-11,3.67e-12,0.84,0.269,0.937,b'00000',b'1100',1.0,5761.0,5527.0,0.903,5813.0,5624.0,0.728,b'Simbad',299.07828,48.021969,1.0,1.0,1.0,0.0,0.0,b'',19.4066925,7.51e-05,54982.807075,0.031032,0.07,82.2374,9.946,13.564,5446.0,b'False',b'LC',b'TS',299.0781,48.022
10789421,7308.0,351.0,6497.0,541.0,4.87e-11,1.91e-12,0.796,0.156,0.891,b'11001',b'1110',2.0,7283.0,6476.0,0.767,7300.0,6489.0,0.771,b'Simbad',288.57733,48.129517,1.0,1.0,1.0,1.0,0.0,b'',0.7768524,7e-07,54953.919448,0.047249,0.85,79.1529,16.2824,11.849,,b'False',b'LC',b'TS',288.577,48.1295
10794242,5590.0,352.0,4949.0,834.0,3.23e-11,1.93e-12,0.256,0.195,0.475,b'00000',b'1100',1.0,5578.0,4573.0,0.211,5722.0,5214.0,0.613,b'Simbad',290.61478,48.186771,1.0,1.0,1.0,0.0,0.0,b'',7.1437058,1.8e-05,54970.803281,0.038205,0.21,79.7675,15.0575,14.17,5459.0,b'False',b'LC',b'TS',290.6145,48.1868
10809677,5132.0,354.0,4967.0,548.0,4.07e-11,4.25e-12,0.855,0.258,0.938,b'00000',b'1100',1.0,5100.0,4968.0,0.907,5174.0,4966.0,0.771,b'Simbad',296.47855,48.14616,1.0,1.0,1.0,0.0,0.0,b'',7.0421757,1.76e-05,54970.735027,0.023294,0.17,81.4932,11.5262,13.942,4995.0,b'False',b'LC',b'TS',296.4783,48.1462
10815379,5586.0,1374.0,4963.0,1414.0,8.22e-11,9.14e-12,0.943,0.277,0.78,b'00000',b'1000',2.0,5586.0,4963.0,0.943,6950.0,5397.0,0.896,b'Simbad',298.09265,48.104488,0.0,0.0,1.0,1.0,0.0,b'',0.8905202,9e-07,55002.316811,0.228004,0.79,81.981,10.5601,11.245,6069.0,b'True',b'LC',b'TS',298.0924,48.1045
10818544,11268.0,435.0,10400.0,714.0,4.43e-11,5.88e-12,0.668,0.336,0.915,b'10000',b'1000',2.0,11268.0,10400.0,0.668,11457.0,10510.0,0.69,b'Simbad',298.96341,48.133179,1.0,1.0,1.0,1.0,0.0,b'',1.3692171,1.6e-06,54954.302973,0.073117,0.9,82.2967,10.0679,11.029,9335.0,b'False',b'LC',b'TS',298.9632,48.1333
10857342,10221.0,435.0,7128.0,632.0,1.1e-11,1.73e-12,0.976,0.184,0.594,b'00000',b'1100',1.0,10777.0,7490.0,1.264,9916.0,5791.0,0.625,b'Simbad',290.01151,48.244202,0.0,0.0,1.0,1.0,0.0,b'',2.4159252,2.75e-05,55005.26457,0.055863,0.57,79.6535,15.4484,14.467,8540.0,b'False',b'LC',b'TS',290.0112,48.2442
10858720,7282.0,356.0,7224.0,547.0,6.92e-11,7.65e-12,0.867,0.272,0.99,b'11000',b'1000',1.0,7282.0,7224.0,0.867,3515.0,3516.0,0.779,b'Simbad',290.69626,48.203014,1.0,1.0,1.0,1.0,0.0,b'',0.9523776,1e-06,54954.858926,0.026309,0.63,79.8058,15.0145,10.971,,b'True',b'LC',b'TS',290.6961,48.203
10874226,5844.0,397.0,6778.0,776.0,1.75e-11,1.86e-12,0.473,0.194,0.939,b'00000',b'1100',1.0,5712.0,7529.0,0.41,6096.0,6258.0,0.682,b'Simbad',296.71634,48.211262,1.0,1.0,1.0,0.0,0.0,b'',11.9736249,3.8e-05,54972.249779,0.017705,0.05,81.628,11.417,15.175,5930.0,b'False',b'LC',b'TS',296.7161,48.2113
10874926,6028.0,367.0,5639.0,640.0,1.75e-11,2.2e-12,0.718,0.245,0.83,b'00000',b'1110',2.0,6033.0,5481.0,0.634,6109.0,5660.0,0.796,b'Simbad',296.93268,48.266491,1.0,1.0,1.0,0.0,0.0,b'',11.7031072,3.67e-05,54966.720995,0.013987,0.04,81.7472,11.3162,15.003,5737.0,b'False',b'LC',b'TS',296.9324,48.2666
10879213,3722.0,359.0,3989.0,549.0,9.16e-12,1.84e-12,0.799,0.237,1.096,b'11000',b'0110',2.0,5663.0,6228.0,0.769,3708.0,3956.0,0.807,b'Simbad',298.25992,48.218964,0.0,0.0,1.0,0.0,0.0,b'',1.3369714,4.8e-06,54999.913074,0.014709,0.46,82.138,10.5185,18.792,,b'False',b'LC',b'TS',298.2597,48.219
10905804,9345.0,468.0,7036.0,615.0,8.47e-12,1.75e-12,1.691,0.187,0.829,b'00100',b'1100',1.0,10667.0,7139.0,1.938,9051.0,6777.0,1.039,b'Simbad',283.66922,48.334221,0.0,1.0,1.0,1.0,0.0,b'',0.7510975,7e-07,54964.887166,0.036829,0.68,78.1217,19.407,14.417,8000.0,b'False',b'LC',b'TS',283.6691,48.3342
10905824,10312.0,396.0,8669.0,590.0,2.16e-11,2.25e-12,0.593,0.234,0.831,b'10000',b'1100',1.0,10252.0,8692.0,0.572,10384.0,8653.0,0.609,b'Simbad',283.68591,48.34021,0.0,0.0,1.0,1.0,0.0,b'',2.7195351,4.4e-06,55003.276777,0.596849,0.8,78.1316,19.3986,12.811,9095.0,b'False',b'LC',b'TS',283.6856,48.3403
10920314,7475.0,376.0,6080.0,566.0,2.94e-11,2.49e-12,0.593,0.224,0.787,b'00000',b'1110',2.0,8896.0,6486.0,1.347,7365.0,5879.0,0.566,b'Simbad',291.95663,48.346779,1.0,1.0,1.0,1.0,0.0,b'',0.5051686,4e-07,54953.58661,0.021704,0.64,80.3007,14.3109,13.119,6993.0,b'True',b'LC',b'TS',291.9564,48.3469
10923260,6457.0,367.0,4720.0,720.0,2.06e-11,1.99e-12,0.693,0.2,0.453,b'00000',b'1110',2.0,6549.0,4850.0,0.838,6430.0,4536.0,0.528,b'Simbad',293.34525,48.382301,1.0,1.0,1.0,0.0,0.0,b'',7.436017,1.91e-05,54976.953429,0.028583,0.15,80.7411,13.4926,14.546,5970.0,b'False',b'LC',b'TS',293.345,48.3824
10934755,11197.0,512.0,6707.0,566.0,8.53e-12,1.68e-12,2.325,0.157,0.803,b'00100',b'1110',2.0,11153.0,6889.0,2.297,11845.0,6629.0,2.506,b'Simbad',297.70755,48.337688,1.0,1.0,1.0,1.0,0.0,b'',0.7864843,7e-07,54964.84245,0.041549,0.68,82.0621,10.8975,14.397,7645.0,b'False',b'LC',b'TS',297.7073,48.3377
10936427,5536.0,352.0,3757.0,563.0,2.84e-11,2.32e-12,0.979,0.172,0.789,b'00000',b'1100',1.0,5564.0,3682.0,1.034,5364.0,4484.0,0.57,b'Simbad',298.34381,48.335892,1.0,1.0,1.0,0.0,0.0,b'',14.3610225,4.92e-05,54971.842189,0.076277,0.25,82.2695,10.5269,14.419,5082.0,b'True',b'LC',b'TS',298.3436,48.3359
10937609,6520.0,375.0,5490.0,595.0,3.12e-11,2.91e-12,0.777,0.23,0.834,b'00000',b'1100',1.0,6556.0,5445.0,0.861,6466.0,5581.0,0.687,b'Simbad',298.74158,48.326962,1.0,1.0,1.0,0.0,0.0,b'',2.5704313,4.1e-06,54955.908419,0.033212,0.5,82.3936,10.2921,13.43,6016.0,b'False',b'LC',b'TS',298.7414,48.327
10965963,6243.0,368.0,5989.0,609.0,2.68e-11,2.49e-12,0.688,0.221,0.959,b'00000',b'1100',1.0,6250.0,5926.0,0.62,6226.0,6035.0,0.779,b'Simbad',286.61066,48.479729,1.0,1.0,1.0,0.0,0.0,b'',6.6402415,1.63e-05,54965.775223,0.036675,0.22,78.9804,17.6265,13.881,5814.0,b'True',b'LC',b'TS',286.6104,48.4798
10979669,7115.0,380.0,6254.0,627.0,4.52e-11,5.17e-12,0.685,0.292,0.884,b'00000',b'1000',1.0,7115.0,6254.0,0.685,7305.0,6442.0,0.769,b'Simbad',293.76807,48.421059,1.0,1.0,1.0,1.0,0.0,b'',0.925768,9e-07,54954.500842,0.057198,0.83,80.9033,13.2572,12.333,6697.0,b'False',b'LC',b'TS',293.7679,48.4211
10979716,3962.0,356.0,3757.0,551.0,3.12e-11,3.02e-12,0.77,0.239,0.916,b'00000',b'1100',1.0,3943.0,3737.0,0.717,4031.0,3799.0,0.853,b'Simbad',293.79077,48.401421,1.0,1.0,1.0,0.0,0.0,b'',10.6840564,3.22e-05,54967.082259,0.022285,0.1,80.892,13.235,15.774,3932.0,b'False',b'LC',b'TS',293.7906,48.4014
10987439,6257.0,783.0,6124.0,617.0,9.6e-11,1.02e-11,0.793,0.294,0.944,b'00000',b'1000',2.0,6257.0,6124.0,0.793,6609.0,6179.0,0.79,b'Simbad',296.82587,48.443378,1.0,1.0,1.0,0.0,0.0,b'',10.6745992,3.22e-05,54971.88392,0.02508,0.1,81.8718,11.4624,10.81,6182.0,b'False',b'LC',b'TS',296.8256,48.4434
10989032,10039.0,590.0,8383.0,1374.0,1.52e-11,2.58e-12,0.747,0.32,0.82,b'00000',b'0100',1.0,10252.0,8394.0,0.825,10039.0,8383.0,0.747,b'Simbad',297.39349,48.410751,1.0,1.0,1.0,1.0,0.0,b'',2.3050976,3.5e-06,54966.704728,0.013191,0.53,82.0253,11.1156,13.866,8620.0,b'False',b'LC',b'TS',297.3933,48.4108
10991769,9210.0,878.0,8719.0,1317.0,4.63e-11,7.06e-12,0.934,0.344,0.99,b'00000',b'1000',1.0,9210.0,8719.0,0.934,9304.0,9231.0,0.661,b'Simbad',298.44287,48.412769,0.0,0.0,1.0,1.0,0.0,b'',3.2813452,5.8e-06,55002.672938,0.202793,0.98,82.3704,10.5071,11.126,8412.0,b'True',b'LC',b'TS',298.4426,48.4128
10991989,5039.0,357.0,4759.0,614.0,2.15e-10,4.35e-11,0.723,0.524,0.868,b'00100',b'1000',1.0,5039.0,4759.0,0.723,5345.0,4644.0,0.768,b'Simbad',298.52713,48.418591,1.0,1.0,1.0,1.0,0.0,b'',0.974478,1e-06,54954.64791,0.017607,0.54,82.4035,10.4612,10.282,5021.0,b'True',b'LC',b'TS',298.527,48.4186
10992733,5390.0,355.0,5270.0,564.0,2.01e-11,2.38e-12,0.717,0.252,0.901,b'00000',b'1100',1.0,5361.0,5236.0,0.627,5450.0,5296.0,0.911,b'Simbad',298.80557,48.471989,1.0,1.0,1.0,0.0,0.0,b'',18.5259185,7.1e-05,54977.194097,0.034407,0.08,82.5431,10.3267,15.124,5274.0,b'False',b'LC',b'TS',298.8053,48.472
11017077,6533.0,374.0,5422.0,592.0,3.7e-11,2.98e-12,0.741,0.216,0.799,b'11000',b'1110',2.0,6580.0,5427.0,0.758,6598.0,5378.0,0.747,b'Simbad',284.73947,48.559124,1.0,1.0,1.0,1.0,0.0,b'',0.7085639,6e-07,54965.100945,0.037788,0.68,78.5987,18.8143,13.448,,b'False',b'LC',b'TS',284.7392,48.5591
11027722,6716.0,367.0,6192.0,582.0,1.94e-11,2.22e-12,0.779,0.228,0.923,b'00000',b'0110',2.0,6870.0,6262.0,0.86,6720.0,6191.0,0.859,b'Simbad',290.90582,48.531811,1.0,1.0,1.0,0.0,0.0,b'',0.6781374,6e-07,54965.137801,0.007549,0.47,80.1754,15.0219,14.291,6212.0,b'True',b'LC',b'TS',290.9056,48.5319
11044779,5481.0,382.0,4680.0,842.0,1.74e-11,2.28e-12,0.632,0.26,0.775,b'00000',b'1000',0.0,5481.0,4680.0,0.632,,,,b'Simbad',297.983,48.555649,0.0,0.0,1.0,0.0,0.0,b'',15.6086226,6.98e-05,55195.822728,0.038629,0.14,82.3463,10.8429,15.466,5362.0,b'True',b'LC',b'TS',297.9828,48.5557
11046124,10281.0,1144.0,10148.0,1262.0,1.06e-11,2.19e-12,0.821,0.31,0.984,b'00000',b'1000',0.0,10281.0,10148.0,0.821,,,,b'Simbad',298.50232,48.54192,0.0,0.0,1.0,1.0,0.0,b'',4.3074087,6.29e-05,55002.519685,0.23798,0.95,82.5046,10.536,14.417,8809.0,b'False',b'LC',b'TS',298.5021,48.542
11071207,6659.0,360.0,8734.0,644.0,2.86e-11,1.68e-12,0.185,0.152,0.842,b'00000',b'1111',3.0,6474.0,12189.0,0.175,6882.0,6589.0,0.657,b'Simbad',284.41779,48.680908,1.0,1.0,1.0,0.0,0.0,b'',8.0496347,2.14e-05,54971.653401,0.036678,0.16,78.6434,19.0557,13.831,6427.0,b'True',b'LC',b'TS',284.4175,48.6809
11073223,6463.0,366.0,4393.0,586.0,1.61e-11,1.92e-12,1.059,0.179,0.83,b'00000',b'1011',3.0,6467.0,4121.0,1.117,5682.0,4854.0,0.816,b'Simbad',285.71439,48.601822,1.0,1.0,1.0,0.0,0.0,b'',11.5789467,3.59e-05,54964.797021,0.028347,0.11,78.8771,18.2243,15.003,5800.0,b'False',b'LC',b'TS',285.7141,48.6018
11076279,7712.0,430.0,5638.0,804.0,1.81e-11,2.26e-12,0.876,0.24,0.782,b'00000',b'1100',1.0,6761.0,6160.0,0.907,7752.0,5503.0,0.864,b'Simbad',287.64722,48.646679,0.0,1.0,1.0,1.0,0.0,b'',1.4725851,3.9e-06,54965.926874,0.028297,0.55,79.4076,17.0501,14.206,7130.0,b'False',b'LC',b'TS',287.647,48.6467
11084782,10296.0,424.0,6493.0,749.0,2.3e-11,1.99e-12,1.247,0.173,0.955,b'00000',b'1000',1.0,10296.0,6493.0,1.247,7725.0,7138.0,0.748,b'Simbad',292.19638,48.696541,1.0,1.0,1.0,1.0,0.0,b'',0.586535,5e-07,54953.865163,0.034049,0.93,80.6971,14.3145,12.583,8371.0,b'False',b'LC',b'TS',292.1961,48.6966
11097678,6803.0,351.0,6035.0,860.0,2.95e-11,1.79e-12,1.125,0.363,0.96,b'00001',b'1100',1.0,6836.0,5189.0,1.349,6787.0,6527.0,0.688,b'Simbad',297.61942,48.693508,1.0,1.0,1.0,1.0,0.0,b'',0.9997156,1e-06,54954.857024,0.052921,0.9,82.3512,11.1199,13.22,6493.0,b'False',b'LC',b'TS',297.6192,48.6935
11124509,5634.0,353.0,5193.0,579.0,2.28e-11,2.07e-12,0.575,0.204,0.829,b'00000',b'1111',3.0,5596.0,5345.0,0.645,5688.0,5106.0,0.646,b'Simbad',284.40344,48.70808,1.0,1.0,1.0,0.0,0.0,b'',8.8929049,2.46e-05,54968.730052,0.017213,0.09,78.6671,19.0738,14.735,5417.0,b'False',b'LC',b'TS',284.4031,48.7081
11125936,6352.0,371.0,5613.0,659.0,1.34e-11,1.9e-12,0.763,0.223,0.949,b'00000',b'1100',1.0,6398.0,5002.0,0.727,6255.0,5826.0,0.828,b'Simbad',285.41196,48.725231,0.0,0.0,1.0,0.0,0.0,b'',2.6722175,4.5e-06,54993.892041,0.012184,0.25,78.9251,18.4546,15.507,5848.0,b'True',b'LC',b'TS',285.4117,48.7252
11144556,6629.0,369.0,6476.0,572.0,2.5e-11,2.3e-12,0.803,0.205,0.965,b'00000',b'1110',2.0,6550.0,6386.0,0.705,6827.0,6702.0,0.911,b'Simbad',295.1192,48.732849,1.0,1.0,1.0,1.0,0.0,b'',0.6429797,5e-07,54954.061015,0.039258,0.84,81.5995,12.597,13.551,6428.0,b'False',b'LC',b'TS',295.1189,48.7329
11147276,6080.0,360.0,5406.0,555.0,2.69e-11,2.93e-12,0.77,0.255,0.878,b'00000',b'1100',1.0,6057.0,5392.0,0.728,6115.0,5420.0,0.83,b'Simbad',296.14212,48.702141,1.0,1.0,1.0,0.0,0.0,b'',3.1330583,5.5e-06,54967.102845,0.020566,0.31,81.8887,11.9833,13.984,5656.0,b'False',b'LC',b'TS',296.1419,48.7021
11153627,6383.0,406.0,4697.0,549.0,2.47e-11,2.69e-12,1.582,0.187,0.911,b'00000',b'1000',0.0,6383.0,4697.0,1.582,,,,b'Simbad',298.49265,48.782799,1.0,1.0,1.0,1.0,0.0,b'',0.5616973,5e-07,54965.037034,0.033753,0.89,82.7151,10.6595,13.982,5286.0,b'False',b'LC',b'TS',298.4925,48.7828
11154110,7528.0,362.0,3622.0,553.0,2.94e-11,3.39e-12,0.795,0.249,0.874,b'00000',b'1000',0.0,7528.0,3622.0,0.795,,,,b'Simbad',298.67044,48.74538,1.0,1.0,1.0,1.0,0.0,b'',0.5296642,4e-07,54965.026876,0.029886,0.74,82.7403,10.5391,13.37,6938.0,b'False',b'LC',b'TS',298.6701,48.7454
11179657,18357.0,4856.0,18256.0,4941.0,1.4e-12,1.71e-12,0.743,0.151,0.999,b'11001',b'1100',1.0,21096.0,21228.0,0.767,11410.0,11405.0,0.726,b'Simbad',285.59146,48.847942,0.0,0.0,1.0,1.0,0.0,b'',0.7889122,8e-07,55001.967587,0.036282,0.99,79.0899,18.3866,17.065,,b'True',b'LC',b'TS',285.5913,48.848
11193447,6606.0,358.0,3921.0,554.0,3.8e-11,3.3e-12,0.992,0.184,0.998,b'11000',b'1100',1.0,6670.0,3608.0,1.044,6409.0,6363.0,0.614,b'Simbad',293.38153,48.82476,1.0,1.0,1.0,1.0,0.0,b'',0.625884,5e-07,54953.977495,0.015393,0.64,81.1616,13.6636,13.397,,b'False',b'LC',b'TS',293.3813,48.8248
11198723,6226.0,362.0,4794.0,592.0,1.49e-11,1.87e-12,0.702,0.208,0.751,b'00000',b'1110',2.0,6188.0,4699.0,0.686,6337.0,4841.0,0.766,b'Simbad',295.70044,48.834229,1.0,1.0,1.0,0.0,0.0,b'',6.8403056,1.69e-05,54970.570598,0.026982,0.17,81.8709,12.3026,15.445,5714.0,b'False',b'LC',b'TS',295.7001,48.8343
11200773,6137.0,355.0,3679.0,565.0,3.29e-11,1.93e-12,0.784,0.19,0.586,b'00000',b'1000',0.0,6137.0,3679.0,0.784,,,,b'Simbad',296.47736,48.85371,1.0,1.0,1.0,0.0,0.0,b'',2.4895516,3.9e-06,54965.043382,0.018361,0.31,82.131,11.8586,13.669,5780.0,b'False',b'LC',b'TS',296.4771,48.8537
11228612,6596.0,379.0,4624.0,601.0,1.8e-11,2.05e-12,1.036,0.195,0.69,b'00000',b'1100',1.0,6666.0,4632.0,1.077,6461.0,4613.0,0.844,b'Simbad',282.60721,48.96825,1.0,1.0,1.0,0.0,0.0,b'',2.9804799,5.1e-06,54967.401223,0.022441,0.33,78.518,20.2761,14.647,5829.0,b'False',b'LC',b'TS',282.607,48.9683
11232745,5596.0,355.0,4876.0,578.0,1.34e-11,1.84e-12,0.797,0.201,0.902,b'00000',b'1110',2.0,5607.0,4681.0,0.79,5571.0,5016.0,0.818,b'Simbad',285.47064,48.927292,1.0,1.0,1.0,0.0,0.0,b'',9.6342435,2.77e-05,54970.919026,0.017139,0.09,79.139,18.4888,15.973,5204.0,b'False',b'LC',b'TS',285.4704,48.9273
11233911,5501.0,352.0,5136.0,558.0,2.53e-11,2.32e-12,0.507,0.232,0.909,b'00000',b'1100',1.0,5484.0,5085.0,0.423,5560.0,5177.0,0.699,b'Simbad',286.12268,48.923439,1.0,1.0,1.0,0.0,0.0,b'',4.9598996,1.07e-05,54969.122109,0.035079,0.33,79.2939,18.0864,14.742,5193.0,b'False',b'LC',b'TS',286.1224,48.9234
11234677,7024.0,367.0,3787.0,578.0,3.29e-11,3.47e-12,0.958,0.197,0.577,b'00000',b'1000',2.0,7024.0,3787.0,0.958,7013.0,4468.0,0.822,b'Simbad',286.61768,48.996811,1.0,1.0,1.0,0.0,0.0,b'',1.5874247,2e-06,54953.872607,0.01733,0.43,79.4882,17.8092,13.296,6183.0,b'False',b'LC',b'TS',286.6174,48.9968
11235323,5697.0,358.0,4310.0,553.0,3.76e-11,2.52e-12,1.2,0.176,0.779,b'00000',b'1100',1.0,5826.0,4326.0,1.251,5601.0,4298.0,1.065,b'Simbad',287.04657,48.993229,1.0,1.0,1.0,0.0,0.0,b'',19.6684015,7.65e-05,54965.523185,0.125934,0.29,79.5919,17.5456,13.486,5071.0,b'True',b'LC',b'TS',287.0464,48.9933
11250867,6348.0,353.0,3817.0,547.0,3.82e-11,1.79e-12,0.502,0.172,0.6,b'00000',b'1110',2.0,6383.0,3809.0,0.674,6325.0,3819.0,0.36,b'Simbad',294.97415,48.94458,1.0,1.0,1.0,0.0,0.0,b'',2.2528222,3.4e-06,54955.621171,0.020795,0.38,81.7487,12.7779,13.387,5875.0,b'False',b'LC',b'TS',294.974,48.9446
11255667,6869.0,380.0,6301.0,709.0,8.94e-11,8.26e-12,0.615,0.272,0.906,b'00000',b'1000',1.0,6869.0,6301.0,0.615,6995.0,6282.0,0.793,b'Simbad',296.77042,48.92231,1.0,1.0,1.0,1.0,0.0,b'',0.8189143,8e-07,54954.269242,0.045358,0.88,82.2853,11.7206,10.941,6355.0,b'False',b'LC',b'TS',296.7702,48.9223
11285625,7129.0,373.0,6756.0,583.0,1.08e-10,1.89e-11,0.787,0.433,0.938,b'00000',b'1000',2.0,7129.0,6756.0,0.787,7293.0,6811.0,0.761,b'Simbad',285.21619,49.08947,1.0,1.0,1.0,0.0,0.0,b'',10.7904443,3.22e-05,54975.33451,0.047294,0.23,79.2386,18.7015,10.143,6882.0,b'True',b'LC',b'TS',285.216,49.0895
11287726,5512.0,352.0,4230.0,554.0,3.28e-11,1.99e-12,0.498,0.185,0.764,b'00000',b'1100',1.0,5503.0,4217.0,0.567,5526.0,4244.0,0.388,b'Simbad',286.52194,49.069149,1.0,1.0,1.0,0.0,0.0,b'',4.7377142,1e-05,54965.324676,0.038302,0.35,79.5354,17.8938,14.176,5167.0,b'False',b'LC',b'TS',286.5216,49.0692
11295347,7590.0,422.0,10733.0,1027.0,5e-11,3.21e-12,0.442,0.213,1.003,b'00000',b'1000',1.0,7590.0,10733.0,0.442,8576.0,8607.0,0.77,b'Simbad',290.98907,49.072762,1.0,1.0,1.0,1.0,0.0,b'',0.8884399,9e-07,54954.53801,0.05004,0.97,80.71,15.1929,11.729,7620.0,b'False',b'LC',b'TS',290.9888,49.0728
11303526,6929.0,381.0,6698.0,586.0,3.13e-11,2.77e-12,0.814,0.218,0.961,b'00000',b'1110',2.0,6844.0,6717.0,0.659,7066.0,6789.0,0.88,b'Simbad',294.94562,49.030289,1.0,1.0,1.0,1.0,0.0,b'',0.7200905,6e-07,54954.138339,0.044289,0.86,81.8185,12.8333,13.002,6471.0,b'False',b'LC',b'TS',294.9454,49.0303
11303811,5141.0,354.0,5087.0,550.0,1.64e-11,1.99e-12,0.889,0.209,0.999,b'00000',b'1110',2.0,5193.0,4265.0,0.967,5176.0,5162.0,0.857,b'Simbad',295.06152,49.046558,0.0,0.0,1.0,1.0,0.0,b'',3.3794695,7.8e-06,55002.298415,0.207859,0.85,81.8685,12.7729,15.77,4799.0,b'False',b'LC',b'TS',295.0612,49.0466
11338865,9787.0,488.0,8635.0,834.0,1.75e-11,2.29e-12,0.809,0.253,0.888,b'00000',b'1100',1.0,9777.0,8384.0,0.878,9794.0,8859.0,0.759,b'Simbad',285.31247,49.114578,1.0,1.0,1.0,1.0,0.0,b'',0.8803849,9e-07,54954.092011,0.047888,0.87,79.2864,18.651,13.275,8658.0,b'False',b'LC',b'TS',285.3122,49.1146
11347875,4954.0,353.0,3609.0,542.0,4.45e-11,2.21e-12,1.624,0.155,0.913,b'00000',b'1110',2.0,4983.0,3851.0,1.205,5004.0,3588.0,1.726,b'Simbad',290.46725,49.198639,1.0,1.0,1.0,1.0,0.0,b'',3.4550909,6.3e-06,54965.55277,0.310258,0.86,80.686,15.556,13.809,4426.0,b'False',b'LC',b'TS',290.4671,49.1987
11391181,5437.0,359.0,5150.0,604.0,1.91e-11,2.77e-12,0.653,0.317,0.876,b'00000',b'0100',1.0,5799.0,5076.0,0.884,5437.0,5150.0,0.653,b'Simbad',284.99454,49.228161,1.0,1.0,1.0,0.0,0.0,b'',8.6173396,2.36e-05,54972.068475,0.024641,0.12,79.3237,18.8852,15.257,5218.0,b'False',b'LC',b'TS',284.9943,49.2282
11391667,5621.0,357.0,5352.0,560.0,4.86e-11,3.66e-12,0.744,0.214,0.948,b'00000',b'1110',2.0,5655.0,5394.0,0.916,5601.0,5307.0,0.716,b'Simbad',285.30206,49.263451,1.0,1.0,1.0,0.0,0.0,b'',1.0837368,1.2e-06,54954.131308,0.011009,0.45,79.4314,18.7088,12.923,5394.0,b'True',b'LC',b'TS',285.3017,49.2635
11401845,8627.0,421.0,7095.0,580.0,1.37e-11,2.08e-12,0.953,0.251,0.856,b'00000',b'0110',2.0,10980.0,5945.0,2.329,8723.0,7105.0,1.025,b'Simbad',291.297,49.244469,0.0,0.0,1.0,1.0,0.0,b'',2.161399,0.0001642,55005.930055,0.042298,0.56,80.9577,15.0795,14.355,7590.0,b'False',b'LC',b'TS',291.2967,49.2445
11403216,6056.0,356.0,4573.0,771.0,1.58e-11,1.82e-12,0.374,0.211,0.423,b'00000',b'1110',2.0,6006.0,4826.0,0.618,6090.0,4539.0,0.417,b'Simbad',292.02689,49.20718,0.0,0.0,1.0,0.0,0.0,b'',4.0532529,1.01e-05,55186.619762,0.025929,0.27,81.1271,14.6303,15.537,5757.0,b'False',b'LC',b'TS',292.0266,49.2072
11404698,4634.0,360.0,3723.0,557.0,3.26e-11,3.32e-12,1.185,0.212,0.8,b'00000',b'0100',1.0,3652.0,3631.0,0.726,4634.0,3723.0,1.185,b'Simbad',292.78284,49.230389,1.0,1.0,1.0,1.0,0.0,b'',0.5901921,5e-07,54964.788397,0.011551,0.58,81.3645,14.1926,14.854,4264.0,b'False',b'LC',b'TS',292.7827,49.2304
11408810,9887.0,797.0,6720.0,595.0,2.19e-11,4.95e-12,1.474,0.459,0.794,b'00001',b'1100',1.0,10296.0,6686.0,1.664,8864.0,7186.0,0.797,b'Simbad',294.73035,49.29438,1.0,1.0,1.0,1.0,0.0,b'',0.7492874,7e-07,54953.868542,0.047069,0.8,81.9957,13.0777,12.607,7555.0,b'False',b'LC',b'TS',294.7302,49.2944
11409698,6844.0,359.0,4099.0,654.0,3.05e-11,1.88e-12,0.492,0.197,0.591,b'00000',b'1100',1.0,6809.0,3993.0,0.476,6974.0,4471.0,0.516,b'Simbad',295.14685,49.28241,1.0,1.0,1.0,0.0,0.0,b'',10.2678271,3.03e-05,54972.176164,0.038336,0.14,82.1101,12.8298,13.691,6409.0,b'False',b'LC',b'TS',295.1465,49.2824
11447953,6563.0,453.0,6520.0,666.0,6.71e-11,6.84e-12,0.923,0.255,0.969,b'00000',b'1000',2.0,6563.0,6520.0,0.923,6656.0,6482.0,0.698,b'Simbad',287.80795,49.37809,1.0,1.0,1.0,1.0,0.0,b'',1.4988837,1.9e-06,54955.251162,0.083621,0.94,80.1589,17.2248,11.256,6412.0,b'True',b'LC',b'TS',287.8077,49.3781
11455484,6170.0,1592.0,4813.0,1278.0,2.25e-09,1.3e-09,0.804,0.33,0.738,b'11000',b'1000',0.0,6170.0,4813.0,0.804,,,,b'Simbad',292.02893,49.387688,0.0,0.0,1.0,0.0,0.0,b'',6.14275,4.3e-05,54998.885719,0.244738,0.3,81.2972,14.7046,16.152,,b'False',b'LC',b'TS',292.0287,49.3877
11455795,4675.0,351.0,3604.0,543.0,2.76e-11,1.83e-12,0.607,0.182,0.726,b'00000',b'1110',2.0,4660.0,3609.0,0.56,4677.0,3618.0,0.55,b'Simbad',292.18417,49.31004,1.0,1.0,1.0,0.0,0.0,b'',1.0573353,1.1e-06,54964.791642,0.012312,0.47,81.2681,14.5803,15.414,4477.0,b'False',b'LC',b'TS',292.1838,49.3101
11457191,6325.0,367.0,4587.0,608.0,2.08e-11,2.04e-12,1.0,0.181,0.952,b'00000',b'1100',1.0,6356.0,4341.0,1.037,6145.0,5363.0,0.834,b'Simbad',292.92563,49.34734,1.0,1.0,1.0,1.0,0.0,b'',2.2983953,3.5e-06,54965.967089,0.025103,0.52,81.5146,14.1585,14.554,5598.0,b'False',b'LC',b'TS',292.9254,49.3474
11495766,5712.0,359.0,5812.0,630.0,3.87e-11,3.14e-12,0.551,0.23,1.0,b'00000',b'1100',1.0,5672.0,6340.0,0.486,5744.0,5765.0,0.601,b'Simbad',285.22531,49.424179,0.0,0.0,1.0,0.0,0.0,b'',8.3404432,2.23e-05,55009.377729,0.046025,0.1,79.5727,18.8109,13.391,5631.0,b'False',b'LC',b'TS',285.2251,49.4242
11495781,9426.0,1644.0,7285.0,730.0,1.34e-11,4.86e-12,1.714,0.621,0.993,b'00001',b'1100',1.0,11245.0,7231.0,1.926,8032.0,8214.0,0.721,b'Simbad',285.23117,49.461449,1.0,1.0,1.0,1.0,0.0,b'',0.5079343,4e-07,54954.041627,0.032169,0.94,79.611,18.8201,13.438,7729.0,b'False',b'LC',b'TS',285.231,49.4614
11499757,6421.0,384.0,5869.0,631.0,1.68e-11,2.03e-12,0.817,0.215,0.94,b'00000',b'1110',2.0,6487.0,5230.0,0.78,6354.0,5960.0,0.817,b'Simbad',287.7262,49.435261,1.0,1.0,1.0,0.0,0.0,b'',12.3143985,3.94e-05,54967.251422,0.035349,0.13,80.1939,17.2955,14.76,5997.0,b'False',b'LC',b'TS',287.7259,49.4353
11509282,11876.0,516.0,6208.0,569.0,8.22e-12,1.78e-12,3.423,0.152,0.979,b'00000',b'1110',2.0,11945.0,6166.0,3.475,12093.0,6172.0,3.388,b'Simbad',292.87076,49.43861,1.0,1.0,1.0,1.0,0.0,b'',0.6340339,5e-07,54965.036787,0.037934,0.83,81.5839,14.2298,13.796,7139.0,b'False',b'LC',b'TS',292.8705,49.4386
11564013,6206.0,424.0,5370.0,663.0,1.59e-11,2.12e-12,0.965,0.218,0.868,b'00000',b'1100',1.0,5465.0,4917.0,1.006,6244.0,5428.0,0.838,b'Simbad',294.31912,49.532131,0.0,0.0,1.0,0.0,0.0,b'',1.7505355,3e-06,55002.694501,0.046482,0.45,82.092,13.4232,15.207,5580.0,b'False',b'LC',b'TS',294.3188,49.5322
11616200,6298.0,354.0,4149.0,561.0,3.58e-11,1.86e-12,0.358,0.186,0.657,b'00000',b'1100',1.0,6278.0,4107.0,0.353,6403.0,4242.0,0.368,b'Simbad',294.57288,49.668442,1.0,1.0,1.0,0.0,0.0,b'',1.718649,2.3e-06,54954.898446,0.025278,0.49,82.2926,13.3362,13.51,5836.0,b'False',b'LC',b'TS',294.5727,49.6685
11616594,4624.0,416.0,4436.0,543.0,1.81e-10,2.92e-11,0.814,0.36,0.948,b'00001',b'1100',1.0,5042.0,4507.0,1.23,4593.0,4386.0,0.577,b'Simbad',294.74948,49.65556,1.0,1.0,1.0,1.0,0.0,b'',14.5876122,4.99e-05,54969.190695,0.331739,0.67,82.3331,13.2282,11.17,4554.0,b'False',b'LC',b'TS',294.7492,49.6556
11618883,4320.0,377.0,4282.0,556.0,8.43e-11,8.94e-12,0.766,0.151,0.977,b'00001',b'1100',1.0,4287.0,4198.0,0.752,4567.0,4461.0,0.779,b'Simbad',295.68805,49.616291,0.0,0.0,1.0,1.0,0.0,b'',0.6848719,1.1e-06,55139.44241,0.039876,0.84,82.579,12.6682,13.377,4347.0,b'False',b'LC',b'TS',295.6878,49.6163
11619964,6026.0,372.0,4481.0,717.0,2.56e-11,2.31e-12,0.531,0.237,0.708,b'00000',b'1100',1.0,5763.0,8282.0,0.421,6069.0,4419.0,0.576,b'Simbad',296.0968,49.643829,1.0,1.0,1.0,0.0,0.0,b'',10.3685551,3.09e-05,54965.717564,0.027252,0.11,82.7287,12.4457,14.545,5582.0,b'False',b'LC',b'TS',296.0965,49.6439
11662440,5473.0,361.0,4996.0,634.0,1.66e-11,1.84e-12,0.535,0.201,0.771,b'00000',b'1110',2.0,4442.0,6779.0,0.427,5536.0,4549.0,0.623,b'Simbad',292.21732,49.707901,0.0,1.0,1.0,0.0,0.0,b'',13.6394573,4.72e-05,55004.811546,0.020165,0.05,81.6507,14.7277,15.852,5252.0,b'False',b'LC',b'TS',292.217,49.7079
11671660,5313.0,359.0,4283.0,593.0,5.38e-11,3.95e-12,0.854,0.206,1.021,b'00000',b'1100',1.0,5347.0,4061.0,0.967,5020.0,5155.0,0.704,b'Simbad',296.54465,49.76022,1.0,1.0,1.0,1.0,0.0,b'',8.710339,2.38e-05,54956.544471,0.099499,0.76,82.9717,12.243,13.35,4867.0,b'False',b'LC',b'TS',296.5444,49.7603
11703960,6850.0,431.0,9034.0,975.0,2.45e-11,1.7e-12,0.332,0.169,0.997,b'11000',b'1100',1.0,6758.0,11223.0,0.281,7233.0,7537.0,0.697,b'Simbad',286.86224,49.830387,0.0,1.0,1.0,1.0,0.0,b'',0.6044168,5e-07,54965.167187,0.03599,0.93,80.3656,17.9606,13.885,,b'False',b'LC',b'TS',286.862,49.8304
11704044,5557.0,359.0,5577.0,559.0,1.36e-11,2.06e-12,0.76,0.252,1.001,b'00000',b'1100',1.0,5530.0,5565.0,0.729,5587.0,5589.0,0.799,b'Simbad',286.91037,49.815781,0.0,1.0,1.0,0.0,0.0,b'',13.7653453,4.79e-05,55015.229115,0.031926,0.13,80.363,17.9264,15.749,5502.0,b'False',b'LC',b'TS',286.9101,49.8158
11724091,8124.0,460.0,6026.0,616.0,2.3e-11,3.19e-12,0.947,0.306,0.737,b'00000',b'0110',2.0,9655.0,6234.0,2.012,8183.0,6041.0,0.864,b'Simbad',296.97705,49.841808,1.0,1.0,1.0,1.0,0.0,b'',1.5590905,2e-06,54953.858108,0.031022,0.55,83.1791,12.0346,13.575,6957.0,b'False',b'LC',b'TS',296.9768,49.8419
11768970,5322.0,377.0,4107.0,864.0,6.73e-11,6.81e-12,0.71,0.307,0.54,b'00000',b'0100',1.0,5453.0,4277.0,0.815,5322.0,4107.0,0.71,b'Simbad',294.74091,49.928791,1.0,1.0,1.0,0.0,0.0,b'',15.541353,5.45e-05,54959.413777,0.016572,0.03,82.5818,13.3551,12.658,5038.0,b'True',b'LC',b'TS',294.7406,49.9288
11811454,7166.0,375.0,5735.0,875.0,7.49e-11,6.29e-12,0.494,0.265,0.769,b'11000',b'1000',1.0,7166.0,5735.0,0.494,7352.0,5656.0,0.74,b'Simbad',290.39725,50.06509,1.0,1.0,1.0,0.0,0.0,b'',2.2746278,3.4e-06,54955.917867,0.027886,0.47,81.4923,15.9439,11.152,,b'True',b'LC',b'TS',290.397,50.0651
11817750,7344.0,366.0,7016.0,577.0,4.18e-11,3.73e-12,0.744,0.235,0.932,b'00000',b'1100',1.0,7299.0,7010.0,0.745,7562.0,7040.0,0.743,b'Simbad',293.82687,50.07653,1.0,1.0,1.0,0.0,0.0,b'',9.7625507,2.8e-05,54954.908603,0.030882,0.15,82.4519,13.9476,12.25,6930.0,b'True',b'LC',b'TS',293.8266,50.0766
11819135,7301.0,383.0,5961.0,576.0,1.38e-11,2.09e-12,0.845,0.257,0.825,b'00000',b'0110',2.0,3521.0,3524.0,0.748,7401.0,6024.0,0.944,b'Simbad',294.45728,50.03027,0.0,0.0,1.0,1.0,0.0,b'',1.901638,0.0001368,55000.065397,0.026267,0.57,82.592,13.5636,15.064,6705.0,b'False',b'LC',b'TS',294.457,50.0303
11825057,6525.0,423.0,4382.0,641.0,3.51e-12,1.69e-12,0.859,0.33,0.67,b'11000',b'0010',2.0,6391.0,4302.0,0.81,6826.0,4580.0,0.8,b'Simbad',296.96957,50.067093,0.0,0.0,1.0,1.0,0.0,b'',0.5320878,9e-07,55000.087758,0.090115,0.61,83.3801,12.1447,18.852,,b'False',b'LC',b'TS',296.9693,50.0671
11826400,7385.0,533.0,4243.0,854.0,4.5e-11,2.92e-12,0.476,0.239,0.414,b'00001',b'1100',1.0,7136.0,5422.0,0.328,7940.0,4099.0,0.7,b'Simbad',297.51343,50.07481,1.0,1.0,1.0,0.0,0.0,b'',5.8893723,1.35e-05,54956.000227,0.036754,0.25,83.5557,11.8407,12.472,6947.0,b'True',b'LC',b'TS',297.5131,50.0749
11858541,5619.0,352.0,4108.0,557.0,3.27e-11,1.81e-12,0.372,0.178,0.73,b'00000',b'1100',1.0,5619.0,4101.0,0.433,5619.0,4115.0,0.295,b'Simbad',288.63611,50.17326,1.0,1.0,1.0,0.0,0.0,b'',5.6743534,1.29e-05,54968.754069,0.026507,0.19,81.14,17.0268,14.215,5375.0,b'False',b'LC',b'TS',288.6359,50.1732
11867071,6998.0,360.0,4118.0,597.0,2.08e-11,2.08e-12,0.846,0.19,0.625,b'00000',b'1100',1.0,6957.0,3890.0,0.85,7259.0,4517.0,0.838,b'Simbad',293.48392,50.12513,0.0,0.0,1.0,0.0,0.0,b'',3.96385,0.0003896,54999.717143,0.020036,0.21,82.3988,14.1669,14.281,6403.0,b'False',b'LC',b'TS',293.4837,50.1252
11873166,6206.0,375.0,5719.0,574.0,2.85e-11,3.07e-12,0.918,0.246,0.895,b'00000',b'1100',1.0,6042.0,5510.0,0.861,6352.0,5800.0,0.964,b'Simbad',296.19351,50.129219,1.0,1.0,1.0,0.0,0.0,b'',1.4688524,1.8e-06,54953.914736,0.017319,0.47,83.1993,12.6142,13.47,5902.0,b'False',b'LC',b'TS',296.1933,50.1292
11904038,7786.0,396.0,6469.0,655.0,3.3e-11,2.92e-12,0.72,0.228,0.808,b'11000',b'1110',2.0,7679.0,6589.0,0.663,8123.0,6576.0,0.733,b'Simbad',285.60812,50.296295,1.0,1.0,1.0,1.0,0.0,b'',0.6322198,5e-07,54953.85226,0.040031,0.79,80.5277,18.878,12.784,,b'False',b'LC',b'TS',285.6078,50.2963
11913071,8753.0,437.0,6146.0,603.0,1.27e-10,1.23e-11,0.834,0.267,0.704,b'00000',b'1000',1.0,8753.0,6146.0,0.834,8648.0,6076.0,0.794,b'Simbad',291.0614,50.25544,1.0,1.0,1.0,0.0,0.0,b'',3.7478351,7e-06,54955.943496,0.033275,0.37,81.8508,15.6304,9.532,8329.0,b'True',b'LC',b'TS',291.0612,50.2555
11922782,5950.0,375.0,5212.0,701.0,1.43e-10,1.37e-11,0.597,0.283,0.833,b'00000',b'1000',1.0,5950.0,5212.0,0.597,6411.0,5266.0,0.839,b'Simbad',296.00742,50.232609,1.0,1.0,1.0,0.0,0.0,b'',3.5129339,6.4e-06,54956.247158,0.029367,0.37,83.2373,12.7676,10.46,5581.0,b'True',b'LC',b'TS',296.0072,50.2327
11967004,6045.0,741.0,9188.0,4250.0,3.12e-11,3.42e-12,0.189,0.33,0.583,b'00001',b'1100',1.0,5749.0,12591.0,0.186,7054.0,4159.0,0.774,b'Simbad',293.68073,50.300259,1.0,1.0,1.0,0.0,0.0,b'',1.9416358,2.7e-06,54966.109021,0.015826,0.34,82.6178,14.129,13.898,6279.0,b'False',b'LC',b'TS',293.6805,50.3003
11968490,7131.0,361.0,6284.0,566.0,2.74e-11,2.62e-12,0.609,0.24,0.863,b'11100',b'1100',1.0,7052.0,6223.0,0.499,7351.0,6319.0,0.731,b'Simbad',294.35016,50.35146,1.0,1.0,1.0,0.0,0.0,b'',1.0788901,1.2e-06,54965.437249,0.015005,0.49,82.8575,13.7668,13.698,,b'False',b'LC',b'TS',294.35,50.3515
11975363,5706.0,359.0,5585.0,556.0,1.75e-11,2.6e-12,0.642,0.304,0.978,b'00000',b'0100',1.0,5736.0,5616.0,0.846,5706.0,5585.0,0.642,b'Simbad',297.3342,50.311138,1.0,1.0,1.0,0.0,0.0,b'',3.5184191,6.5e-06,54967.411965,0.027108,0.39,83.7128,12.0537,15.409,5482.0,b'False',b'LC',b'TS',297.334,50.3112
12004679,5770.0,354.0,5493.0,547.0,3.8e-11,3.05e-12,0.828,0.21,0.951,b'00000',b'1110',2.0,5807.0,5371.0,0.819,5790.0,5533.0,0.835,b'Simbad',286.42569,50.417019,1.0,1.0,1.0,0.0,0.0,b'',5.0424901,1.08e-05,54955.769983,0.024497,0.24,80.8382,18.4306,13.231,5432.0,b'False',b'LC',b'TS',286.4255,50.417
12013615,6084.0,360.0,5805.0,578.0,2.87e-11,2.87e-12,0.678,0.246,0.941,b'00000',b'1100',1.0,6084.0,5803.0,0.774,6083.0,5807.0,0.606,b'Simbad',291.94641,50.48196,1.0,1.0,1.0,0.0,0.0,b'',8.2028691,2.21e-05,54971.509802,0.043095,0.27,82.3045,15.2077,13.878,5778.0,b'False',b'LC',b'TS',291.9462,50.482
12016304,6884.0,381.0,6659.0,595.0,2.27e-11,2.87e-12,0.862,0.274,0.957,b'00000',b'1100',1.0,6860.0,6646.0,0.868,6942.0,6679.0,0.856,b'Simbad',293.52673,50.427189,1.0,1.0,1.0,1.0,0.0,b'',1.024052,1.1e-06,54965.652399,0.059125,0.92,82.6921,14.2724,13.718,6491.0,b'False',b'LC',b'TS',293.5265,50.4272
12022517,5970.0,362.0,4672.0,566.0,1.46e-11,1.93e-12,0.724,0.225,0.779,b'00000',b'1100',1.0,6011.0,4656.0,0.854,5936.0,4695.0,0.576,b'Simbad',296.37537,50.486801,0.0,1.0,1.0,0.0,0.0,b'',3.4427135,6.5e-06,55003.264108,0.021378,0.28,83.5794,12.6762,15.715,5578.0,b'False',b'LC',b'TS',296.3751,50.4869
12022718,5891.0,363.0,4822.0,652.0,2.22e-11,2.27e-12,0.705,0.219,0.722,b'00000',b'1110',2.0,5923.0,4481.0,0.673,5786.0,5052.0,0.677,b'Simbad',296.44351,50.420441,1.0,1.0,1.0,0.0,0.0,b'',9.2553314,2.62e-05,54966.396704,0.02207,0.13,83.5396,12.607,14.69,5564.0,b'False',b'LC',b'TS',296.4433,50.4205
12023089,5525.0,355.0,4752.0,551.0,1.54e-11,1.96e-12,0.982,0.211,0.899,b'00000',b'1100',1.0,5591.0,4550.0,1.082,5468.0,4886.0,0.805,b'Simbad',296.59149,50.490028,0.0,0.0,1.0,1.0,0.0,b'',0.6234413,7e-07,55001.770498,0.00992,0.52,83.6475,12.5558,15.626,5115.0,b'False',b'LC',b'TS',296.5912,50.49
12055517,5042.0,357.0,4674.0,574.0,1.7e-11,2.22e-12,0.754,0.249,0.943,b'00000',b'1100',1.0,5034.0,4568.0,0.782,5056.0,4753.0,0.737,b'Simbad',287.85495,50.515911,0.0,0.0,1.0,1.0,0.0,b'',0.6097519,5e-07,54999.832766,0.069877,0.77,81.2788,17.6171,15.879,4708.0,b'False',b'LC',b'TS',287.8546,50.5159
12062660,6160.0,1640.0,4556.0,1212.0,2.25e-09,1.3e-09,0.803,0.328,0.665,b'11000',b'1000',0.0,6160.0,4556.0,0.803,,,,b'Simbad',292.07089,50.546799,0.0,0.0,1.0,0.0,0.0,b'DV',2.9293,1.49e-05,54998.936258,0.043481,0.5,82.3996,15.1625,17.382,,b'False',b'LC',b'TS',292.0706,50.5468
12066630,6979.0,368.0,6936.0,588.0,7.57e-11,8.54e-12,0.736,0.289,0.984,b'00000',b'1000',2.0,6979.0,6936.0,0.736,7135.0,6909.0,0.744,b'Simbad',294.10876,50.542629,1.0,1.0,1.0,1.0,0.0,b'',1.0983743,1.2e-06,54953.967832,0.053976,0.98,82.965,13.9888,11.007,6818.0,b'True',b'LC',b'TS',294.1085,50.5426
12071006,9635.0,414.0,5721.0,601.0,1.69e-11,1.76e-12,1.792,0.156,0.589,b'00000',b'1100',1.0,9674.0,5716.0,1.831,7466.0,5950.0,1.067,b'Simbad',296.10501,50.518471,1.0,1.0,1.0,1.0,0.0,b'',6.0960264,1.42e-05,54955.83764,0.108317,0.53,83.527,12.8434,13.533,7338.0,b'True',b'LC',b'TS',296.1048,50.5185
12108333,6088.0,720.0,5759.0,806.0,3.84e-11,5.91e-12,0.781,0.15,0.945,b'00001',b'1100',1.0,6082.0,5746.0,0.787,7341.0,6942.0,0.776,b'Simbad',289.95792,50.661091,1.0,1.0,1.0,1.0,0.0,b'',0.7054482,6e-07,54954.106577,0.019851,0.62,81.9479,16.4362,13.228,5710.0,b'False',b'LC',b'TS',289.9577,50.6611
12109575,4269.0,594.0,4759.0,660.0,8.29e-11,1.14e-11,0.585,0.243,0.924,b'00001',b'1100',1.0,3677.0,4811.0,0.562,4637.0,4054.0,0.946,b'Simbad',290.74536,50.66383,1.0,1.0,1.0,1.0,0.0,b'',0.5316547,4e-07,54953.617625,0.013546,0.64,82.1556,15.9787,13.296,4350.0,b'False',b'LC',b'TS',290.7451,50.6639
12109845,4898.0,358.0,3738.0,553.0,1.38e-11,1.99e-12,1.369,0.184,0.842,b'00000',b'1100',1.0,4956.0,3674.0,1.445,4839.0,4055.0,0.815,b'Simbad',290.91916,50.696388,0.0,0.0,1.0,1.0,0.0,b'',0.8659588,2.7e-06,55000.558223,0.01293,0.51,82.2324,15.8907,16.44,4371.0,b'False',b'LC',b'TS',290.919,50.6964
12157987,10157.0,1084.0,6065.0,673.0,2.32e-11,7.96e-12,1.837,0.702,0.821,b'00001',b'1100',1.0,10528.0,5997.0,2.181,8477.0,6801.0,0.808,b'Simbad',290.66302,50.704731,1.0,1.0,1.0,1.0,0.0,b'',0.5778444,5e-07,54953.900074,0.026841,0.66,82.173,16.0428,12.205,7722.0,b'True',b'LC',b'TS',290.6628,50.7048
12164751,6559.0,428.0,3555.0,588.0,2.18e-11,1.96e-12,1.633,0.369,0.703,b'00001',b'1100',1.0,6810.0,4012.0,1.078,6316.0,3546.0,1.753,b'Simbad',294.38742,50.717098,0.0,0.0,1.0,1.0,0.0,b'',2.6300876,8.2e-06,55004.676598,0.077415,0.6,83.2064,13.9063,14.187,6037.0,b'False',b'LC',b'TS',294.3872,50.7171
12216706,10298.0,386.0,5498.0,658.0,9.52e-12,1.67e-12,1.069,0.16,0.576,b'00000',b'1111',3.0,10612.0,5837.0,1.142,11032.0,6285.0,1.202,b'Simbad',295.74377,50.830921,0.0,0.0,1.0,1.0,0.0,b'',1.4710605,1.35e-05,55003.521612,0.025235,0.54,83.7052,13.1897,15.009,8530.0,b'False',b'LC',b'TS',295.7435,50.831
12251779,6383.0,356.0,3919.0,606.0,2.33e-11,1.8e-12,0.676,0.183,0.471,b'00000',b'1110',2.0,6336.0,3835.0,0.673,6498.0,4111.0,0.635,b'Simbad',287.57361,50.99873,1.0,1.0,1.0,0.0,0.0,b'',14.8442331,5.14e-05,54967.233201,0.049146,0.13,81.683,17.9586,14.415,5926.0,b'False',b'LC',b'TS',287.5734,50.9987
12257908,7126.0,380.0,6266.0,585.0,1.04e-10,1.35e-11,0.717,0.342,0.883,b'11000',b'1000',1.0,7126.0,6266.0,0.717,7261.0,6413.0,0.707,b'Simbad',291.24191,50.933407,1.0,1.0,1.0,1.0,0.0,b'',2.6159169,4.2e-06,54954.915973,0.078354,0.63,82.5432,15.7993,10.431,,b'True',b'LC',b'TS',291.2416,50.9334
12267718,6983.0,397.0,7007.0,668.0,2.75e-11,2.08e-12,0.49,0.194,0.986,b'00000',b'1100',1.0,7154.0,9218.0,0.409,6910.0,6812.0,0.739,b'Simbad',296.2554,50.904362,1.0,1.0,1.0,1.0,0.0,b'',0.5450506,4e-07,54953.999853,0.03341,0.89,83.9236,12.9359,13.385,6802.0,b'False',b'LC',b'TS',296.2552,50.9044
12268220,10041.0,451.0,6467.0,652.0,3.97e-11,2.54e-12,1.485,0.171,0.758,b'00000',b'1000',2.0,10041.0,6467.0,1.485,8218.0,6169.0,0.763,b'Simbad',296.49069,50.905861,1.0,1.0,1.0,1.0,0.0,b'',4.4215699,8.9e-06,54954.125749,0.045493,0.41,83.995,12.8049,11.425,7826.0,b'True',b'LC',b'TS',296.4905,50.9059
12316447,6270.0,355.0,3725.0,580.0,1.21e-11,1.68e-12,0.42,0.201,0.568,b'00000',b'1100',1.0,6229.0,3719.0,0.442,6321.0,3729.0,0.401,b'Simbad',296.11542,51.007111,0.0,0.0,1.0,0.0,0.0,b'',17.9077,0.0001952,55008.519184,0.035719,0.09,83.9758,13.0614,16.107,5934.0,b'False',b'LC',b'TS',296.1152,51.0071
12351927,4955.0,356.0,4173.0,674.0,2.08e-11,2.45e-12,0.612,0.252,0.567,b'00000',b'1100',1.0,4922.0,4108.0,0.603,4989.0,4244.0,0.621,b'Simbad',288.51062,51.162472,1.0,1.0,1.0,0.0,0.0,b'',10.1161484,2.97e-05,54972.98152,0.017548,0.07,82.0693,17.4709,15.52,4641.0,b'False',b'LC',b'TS',288.5104,51.1625
12352712,7140.0,445.0,6860.0,1227.0,5.91e-12,1.87e-12,0.71,0.363,0.952,b'00000',b'1000',0.0,7140.0,6860.0,0.71,,,,b'Simbad',288.99911,51.111259,0.0,0.0,1.0,1.0,0.0,b'',0.722065,2e-06,54999.935357,0.044343,0.9,82.1398,17.1675,16.8,6667.0,b'False',b'LC',b'TS',288.9989,51.1113
12353720,8266.0,1618.0,8241.0,1668.0,3.24e-11,5.09e-12,0.688,0.474,0.841,b'00000',b'1110',2.0,8282.0,8268.0,0.636,8286.0,8230.0,0.721,b'Simbad',289.57025,51.125702,1.0,1.0,1.0,0.0,0.0,b'',1.95331,2.7e-06,54954.41426,0.012287,0.29,82.2963,16.8414,13.077,6152.0,b'False',b'LC',b'TS',289.5701,51.1257
12356746,6201.0,415.0,5924.0,647.0,2.93e-11,3.48e-12,0.879,0.265,0.95,b'00000',b'0100',1.0,6087.0,5745.0,0.753,6201.0,5924.0,0.879,b'Simbad',291.27692,51.135712,1.0,1.0,1.0,1.0,0.0,b'',1.0049085,1e-06,54954.3696,0.015158,0.53,82.7449,15.8607,13.532,5882.0,b'False',b'LC',b'TS',291.2767,51.1358
12367310,5145.0,356.0,4884.0,634.0,4.26e-11,4.11e-12,0.689,0.258,0.582,b'00000',b'1100',1.0,5114.0,4890.0,0.766,5162.0,4874.0,0.628,b'Simbad',296.34995,51.12344,1.0,1.0,1.0,0.0,0.0,b'',8.6274874,2.36e-05,54972.989347,0.029544,0.14,84.1513,12.9837,13.835,4965.0,b'False',b'LC',b'TS',296.3498,51.1235
12405950,7287.0,382.0,6236.0,673.0,4.39e-11,4.01e-12,0.685,0.247,0.841,b'00000',b'1100',1.0,7235.0,6233.0,0.717,7390.0,6239.0,0.659,b'Simbad',290.43008,51.271549,0.0,0.0,1.0,0.0,0.0,b'',3.53963,7.5e-06,55096.767773,0.057254,0.28,82.6549,16.4015,12.305,6808.0,b'False',b'LC',b'TS',290.4299,51.2716
12418319,6454.0,357.0,6490.0,552.0,2.19e-11,2.09e-12,0.828,0.195,1.006,b'00000',b'1110',2.0,6455.0,6498.0,0.763,6619.0,6639.0,0.872,b'Simbad',296.22662,51.210129,1.0,1.0,1.0,1.0,0.0,b'',1.3569736,1.6e-06,54965.465673,0.015507,0.69,84.1939,13.0922,13.977,6150.0,b'False',b'LC',b'TS',296.2264,51.2101
12418662,5577.0,351.0,3560.0,545.0,2.05e-11,1.7e-12,0.56,0.179,0.618,b'00000',b'1100',1.0,5607.0,3561.0,0.685,5547.0,3560.0,0.361,b'Simbad',296.38013,51.209721,1.0,1.0,1.0,0.0,0.0,b'',2.751574,4.5e-06,54967.314604,0.029857,0.43,84.2389,13.0066,15.311,5280.0,b'False',b'LC',b'TS',296.3799,51.2098
12418816,4909.0,352.0,4796.0,545.0,7.81e-11,6.11e-12,0.811,0.223,0.986,b'00000',b'1100',1.0,4962.0,4472.0,0.962,4905.0,4833.0,0.739,b'Simbad',296.44193,51.224319,1.0,1.0,1.0,0.0,0.0,b'',1.5218703,1.9e-06,54954.742983,0.016626,0.47,84.2704,12.9789,12.402,4583.0,b'True',b'LC',b'TS',296.4417,51.2243
12459731,6864.0,414.0,4075.0,613.0,5.53e-12,1.76e-12,1.416,0.184,0.674,b'00000',b'1100',1.0,6890.0,4034.0,1.495,6441.0,4606.0,1.0,b'Simbad',291.05017,51.321751,0.0,0.0,1.0,0.0,0.0,b'',14.1812065,0.0001407,55004.425248,0.030214,0.08,82.8628,16.0654,17.427,6045.0,b'False',b'LC',b'TS',291.0499,51.3217
12470530,5125.0,353.0,4253.0,570.0,2.32e-11,1.93e-12,0.709,0.188,0.77,b'00000',b'1110',2.0,5310.0,4491.0,1.109,5114.0,4034.0,0.7,b'Simbad',296.24603,51.369099,1.0,1.0,1.0,0.0,0.0,b'',8.2072571,2.21e-05,54968.824131,0.025104,0.13,84.3448,13.1542,15.3,4725.0,b'False',b'LC',b'TS',296.2458,51.3692
12506351,6379.0,368.0,5702.0,625.0,3.6e-11,4.14e-12,0.674,0.289,0.911,b'00000',b'1000',0.0,6379.0,5702.0,0.674,,,,b'Simbad',289.04999,51.418369,1.0,1.0,1.0,0.0,0.0,b'',2.4555173,3.8e-06,54955.736173,0.01758,0.37,82.4501,17.2537,13.184,5949.0,b'False',b'LC',b'TS',289.0498,51.4184
12554536,7769.0,780.0,8643.0,2334.0,3.12e-11,3.02e-12,0.469,0.258,0.754,b'00001',b'1100',1.0,7248.0,10686.0,0.38,8642.0,6146.0,0.799,b'Simbad',289.13153,51.538132,1.0,1.0,1.0,1.0,0.0,b'',0.6844956,6e-07,54953.964623,0.027907,0.63,82.5863,17.2518,12.819,7443.0,b'False',b'LC',b'TS',289.1312,51.5381
12557713,4847.0,353.0,3947.0,571.0,3.06e-11,2.13e-12,0.7,0.187,0.68,b'00000',b'1110',2.0,4986.0,3969.0,0.973,4765.0,3920.0,0.512,b'Simbad',291.08231,51.558361,1.0,1.0,1.0,0.0,0.0,b'',7.2147226,1.83e-05,54965.497854,0.015589,0.09,83.097,16.1415,14.853,4594.0,b'False',b'LC',b'TS',291.0821,51.5584
12645761,4938.0,352.0,4894.0,544.0,5.5e-11,4e-12,0.791,0.213,0.981,b'00000',b'1111',3.0,4891.0,4915.0,0.98,4908.0,4806.0,0.804,b'Simbad',289.70395,51.714401,1.0,1.0,1.0,0.0,0.0,b'',5.4191379,1.2e-05,54961.669259,0.03521,0.36,82.8981,16.9899,13.368,4844.0,b'False',b'LC',b'TS',289.7037,51.7144
12785282,7374.0,365.0,6933.0,577.0,2.42e-11,2.47e-12,0.716,0.229,0.932,b'00000',b'1100',1.0,7326.0,6929.0,0.746,7455.0,6941.0,0.7,b'Simbad',290.47119,52.028511,1.0,1.0,1.0,1.0,0.0,b'',0.7887499,7e-07,54953.956353,0.024042,0.64,83.3919,16.6743,13.518,6924.0,b'False',b'LC',b'TS',290.4709,52.0285
